Time,Temperature(¡C),A1,A2,A3,A4,A5,A6,A7,A8,A9,A10,A11,A12,B1,B2,B3,B4,B5,B6,B7,B8,B9,B10,B11,B12,C1,C2,C3,C4,C5,C6,C7,C8,C9,C10,C11,C12,D1,D2,D3,D4,D5,D6,D7,D8,D9,D10,D11,D12,E1,E2,E3,E4,E5,E6,E7,E8,E9,E10,E11,E12,F1,F2,F3,F4,F5,F6,F7,F8,F9,F10,F11,F12,G1,G2,G3,G4,G5,G6,G7,G8,G9,G10,G11,G12,H1,H2,H3,H4,H5,H6,H7,H8,H9,H10,H11,H12
0:00:00,37,0.1145,0.1185,0.1208,0.1142,0.1152,0.114,0.1186,0.1197,0.1139,0.1184,0.118,0.1123,0.1087,0.1321,0.1342,0.1436,0.1409,0.1372,0.1449,0.1386,0.1128,0.1185,0.1226,0.1144,0.1155,0.1381,0.1342,0.1225,0.1333,0.1406,0.1409,0.1256,0.1113,0.1145,0.1122,0.1119,0.1191,0.1285,0.1325,0.1381,0.1445,0.1412,0.1363,0.1351,0.1117,0.124,0.1188,0.1255,0.1247,0.1301,0.1322,0.1282,0.1358,0.1338,0.1441,0.1301,0.1169,0.1173,0.1152,0.1215,0.1106,0.1323,0.1337,0.1285,0.146,0.1349,0.1463,0.1252,0.1151,0.1183,0.1223,0.1136,0.1224,0.1367,0.1384,0.129,0.1379,0.137,0.1429,0.1236,0.1174,0.1246,0.1183,0.1207,0.1227,0.12,0.1187,0.1246,0.1177,0.1156,0.116,0.1249,0.1211,0.1206,0.1228,0.1114
0:15:00,37,0.1141,0.1152,0.1203,0.1125,0.113,0.112,0.1165,0.1187,0.1124,0.1171,0.1172,0.111,0.108,0.1275,0.1308,0.1399,0.1345,0.133,0.1411,0.1348,0.1112,0.1165,0.1205,0.1124,0.114,0.1339,0.1308,0.1204,0.1285,0.1357,0.136,0.124,0.1096,0.1121,0.11,0.1101,0.1174,0.1246,0.1289,0.1326,0.1379,0.1361,0.1322,0.1329,0.1095,0.1217,0.117,0.1223,0.1214,0.1263,0.1282,0.1252,0.1327,0.1319,0.1383,0.1271,0.1151,0.1147,0.1126,0.119,0.1084,0.1277,0.1289,0.1246,0.1397,0.1307,0.1421,0.1232,0.1132,0.1157,0.1201,0.1114,0.1194,0.1335,0.1343,0.1261,0.1332,0.1316,0.1392,0.1223,0.1149,0.1224,0.1169,0.1179,0.1203,0.1183,0.1183,0.1226,0.1159,0.1145,0.1138,0.1221,0.119,0.1178,0.1207,0.1098
0:30:00,37,0.114,0.1151,0.1199,0.1123,0.1128,0.1117,0.1163,0.1185,0.1122,0.117,0.1172,0.1108,0.1078,0.1281,0.1316,0.1408,0.1341,0.1339,0.1441,0.1341,0.111,0.1163,0.1202,0.1121,0.1138,0.1348,0.1313,0.1206,0.1297,0.1368,0.1374,0.1235,0.1095,0.1119,0.1099,0.1099,0.1172,0.1252,0.1295,0.1328,0.1404,0.1378,0.1342,0.1325,0.1093,0.1215,0.117,0.122,0.1212,0.1266,0.1287,0.1256,0.1375,0.1324,0.1409,0.1265,0.1149,0.1145,0.1125,0.1188,0.1083,0.1285,0.1296,0.1252,0.1453,0.1324,0.1454,0.1226,0.1132,0.1156,0.1197,0.1113,0.1192,0.1345,0.1348,0.1267,0.1378,0.1334,0.1418,0.1217,0.1146,0.1221,0.1169,0.1177,0.12,0.1181,0.1178,0.1222,0.1156,0.114,0.1136,0.1218,0.1187,0.1174,0.1204,0.1097
0:45:00,37,0.114,0.115,0.1199,0.1122,0.1126,0.1117,0.1161,0.1185,0.1121,0.1169,0.117,0.1106,0.1079,0.1306,0.1369,0.1465,0.1359,0.1362,0.1471,0.1336,0.1109,0.1161,0.1201,0.112,0.1136,0.1366,0.1353,0.1267,0.1348,0.1404,0.1398,0.1233,0.1093,0.1117,0.1097,0.1098,0.1171,0.1268,0.1339,0.1378,0.1459,0.1428,0.1372,0.1322,0.1092,0.1213,0.1166,0.1217,0.1209,0.1327,0.1315,0.1301,0.1422,0.1382,0.1453,0.1261,0.1147,0.1144,0.1123,0.1186,0.1081,0.1348,0.1355,0.1305,0.1472,0.1379,0.1491,0.1223,0.113,0.1155,0.1197,0.1112,0.1191,0.1403,0.1409,0.1319,0.1416,0.1395,0.1453,0.1215,0.1146,0.1219,0.1166,0.1176,0.1198,0.1181,0.118,0.1222,0.1156,0.114,0.1136,0.1217,0.1187,0.1174,0.1202,0.1096
1:00:00,37,0.1138,0.1149,0.1197,0.1121,0.1125,0.1116,0.116,0.1182,0.112,0.1168,0.117,0.1105,0.1078,0.1403,0.144,0.1515,0.144,0.1441,0.1528,0.1331,0.1109,0.1161,0.12,0.112,0.1137,0.1463,0.1422,0.1319,0.1442,0.1494,0.1473,0.123,0.1094,0.1117,0.1097,0.1098,0.117,0.1363,0.1408,0.1432,0.1515,0.149,0.143,0.1319,0.1091,0.1212,0.1168,0.1216,0.1208,0.1376,0.1395,0.1362,0.1471,0.1451,0.1509,0.1258,0.1147,0.1143,0.1123,0.1186,0.1082,0.1402,0.1408,0.1359,0.1501,0.1433,0.1539,0.1221,0.113,0.1153,0.1196,0.1112,0.119,0.1458,0.1462,0.1374,0.149,0.1455,0.1505,0.1213,0.1145,0.1219,0.1167,0.1176,0.1197,0.1179,0.1177,0.122,0.1154,0.1138,0.1135,0.1215,0.1186,0.1172,0.1202,0.1094
1:15:00,37,0.1138,0.1148,0.1198,0.112,0.1125,0.1115,0.116,0.1182,0.1119,0.1168,0.1167,0.1105,0.1078,0.1487,0.153,0.1592,0.1547,0.1529,0.1602,0.1339,0.1109,0.116,0.12,0.1119,0.1135,0.1544,0.1505,0.1397,0.1548,0.1595,0.1548,0.1229,0.1094,0.1116,0.1096,0.1097,0.117,0.1445,0.1488,0.1508,0.1534,0.1548,0.1507,0.1322,0.109,0.1211,0.1164,0.1216,0.1207,0.1464,0.1473,0.1443,0.1472,0.152,0.1579,0.1256,0.1146,0.1143,0.1122,0.1185,0.1081,0.1494,0.1489,0.1439,0.1566,0.1493,0.1609,0.1219,0.1129,0.1153,0.1197,0.1111,0.1189,0.1549,0.1549,0.1454,0.1516,0.1511,0.1574,0.1212,0.1144,0.1216,0.1164,0.1175,0.1196,0.1179,0.1177,0.1219,0.1152,0.1138,0.1133,0.1215,0.1185,0.1172,0.1199,0.1094
1:30:00,37,0.1139,0.1148,0.1199,0.1119,0.1124,0.1114,0.116,0.1182,0.1119,0.1168,0.1167,0.1106,0.1079,0.164,0.1688,0.1727,0.1706,0.1686,0.1723,0.1336,0.111,0.1159,0.12,0.1119,0.1134,0.1684,0.1646,0.1531,0.1573,0.1749,0.1672,0.1227,0.1093,0.1115,0.1095,0.1097,0.1169,0.1587,0.1622,0.1632,0.1682,0.1622,0.1583,0.1322,0.109,0.1208,0.1164,0.1215,0.1207,0.1607,0.1611,0.1572,0.1644,0.1642,0.169,0.1254,0.1148,0.1143,0.1122,0.1184,0.108,0.1628,0.1631,0.1566,0.1785,0.1567,0.1711,0.1217,0.1127,0.1152,0.1196,0.1113,0.1188,0.1698,0.1693,0.1576,0.187,0.1602,0.1681,0.1209,0.1144,0.1215,0.1164,0.1176,0.1195,0.1178,0.1177,0.122,0.1153,0.1137,0.1133,0.1215,0.1185,0.1172,0.12,0.1094
1:45:00,37,0.1138,0.1148,0.1195,0.1119,0.1124,0.1114,0.1159,0.1182,0.1118,0.1166,0.1168,0.1104,0.1077,0.1854,0.1909,0.1925,0.1906,0.1847,0.1896,0.1337,0.1109,0.116,0.1198,0.1118,0.1136,0.1887,0.184,0.1713,0.1792,0.1851,0.1784,0.1226,0.1093,0.1116,0.1096,0.1098,0.1169,0.1785,0.1819,0.1815,0.2024,0.1923,0.1771,0.1326,0.109,0.1211,0.1166,0.1213,0.1207,0.18,0.1799,0.1761,0.1977,0.19,0.183,0.1254,0.1146,0.1142,0.1121,0.1184,0.1081,0.1847,0.1817,0.1745,0.2063,0.1854,0.1871,0.1217,0.1129,0.1152,0.1195,0.111,0.1188,0.1897,0.1888,0.1761,0.2074,0.1872,0.1833,0.1209,0.1142,0.1217,0.1165,0.1174,0.1195,0.1177,0.1176,0.1218,0.1152,0.1136,0.1133,0.1213,0.1184,0.117,0.1199,0.1094
2:00:00,37,0.1138,0.1147,0.1196,0.1119,0.1124,0.1114,0.1159,0.1182,0.1118,0.1167,0.1166,0.1103,0.1077,0.21,0.2177,0.2156,0.2131,0.2112,0.2141,0.1335,0.1109,0.1159,0.1199,0.1117,0.1135,0.2137,0.209,0.1947,0.2153,0.2105,0.2016,0.1225,0.1093,0.1116,0.1095,0.1097,0.1169,0.2033,0.207,0.2041,0.2284,0.2219,0.198,0.1325,0.109,0.121,0.1163,0.1212,0.1206,0.2048,0.2038,0.1999,0.2207,0.2208,0.2145,0.1252,0.1146,0.1141,0.1121,0.1184,0.108,0.2096,0.2059,0.198,0.23,0.2153,0.2156,0.1215,0.1128,0.1152,0.1196,0.111,0.1188,0.2154,0.2152,0.1987,0.2254,0.2164,0.2107,0.1209,0.1143,0.1216,0.1164,0.1173,0.1196,0.1178,0.1177,0.1218,0.1151,0.1137,0.1132,0.1213,0.1183,0.1171,0.1199,0.1094
2:15:00,37,0.1139,0.1146,0.1196,0.1118,0.1124,0.1114,0.1159,0.1182,0.1119,0.1167,0.1168,0.1105,0.1079,0.2439,0.2531,0.2477,0.2362,0.2349,0.2367,0.1333,0.1109,0.1158,0.1197,0.1118,0.1134,0.2451,0.2423,0.2258,0.2357,0.2372,0.2263,0.1224,0.1092,0.1115,0.1095,0.1097,0.1168,0.2341,0.2404,0.2351,0.2418,0.2399,0.2241,0.1324,0.1089,0.1208,0.1163,0.1211,0.1206,0.2371,0.2371,0.2305,0.238,0.2361,0.2402,0.1251,0.1146,0.1142,0.1121,0.1183,0.108,0.2437,0.2393,0.2294,0.2468,0.2352,0.2425,0.1214,0.1127,0.1151,0.1195,0.1112,0.1188,0.2499,0.2514,0.2324,0.2494,0.2349,0.2363,0.1208,0.1143,0.1214,0.1164,0.1174,0.1195,0.1177,0.1177,0.1219,0.1152,0.1137,0.1133,0.1213,0.1184,0.117,0.1199,0.1094
2:30:00,37,0.1137,0.1145,0.1194,0.1118,0.1122,0.1112,0.1157,0.1181,0.1119,0.1166,0.1166,0.1104,0.1077,0.2757,0.2895,0.2843,0.2675,0.2701,0.2673,0.1334,0.1108,0.1158,0.1197,0.1117,0.1134,0.2781,0.2778,0.2622,0.2617,0.2696,0.2596,0.1224,0.1092,0.1114,0.1094,0.1096,0.1169,0.2665,0.2739,0.2704,0.2715,0.2767,0.2593,0.1323,0.1089,0.1208,0.1163,0.1209,0.1205,0.2688,0.2708,0.2659,0.2695,0.2755,0.2756,0.125,0.1145,0.1141,0.112,0.1183,0.108,0.2776,0.2731,0.2655,0.2794,0.2735,0.2769,0.1213,0.1127,0.1151,0.1195,0.111,0.1188,0.2831,0.2861,0.2662,0.2749,0.2735,0.274,0.1207,0.1143,0.1215,0.1164,0.1173,0.1195,0.1177,0.1176,0.1217,0.115,0.1136,0.1132,0.1214,0.1184,0.1171,0.1199,0.1094
2:45:00,37,0.1138,0.1144,0.1194,0.1116,0.1121,0.1112,0.1157,0.1181,0.1118,0.1166,0.1166,0.1104,0.1079,0.3079,0.3227,0.3186,0.2987,0.3042,0.3029,0.1333,0.1109,0.1157,0.1197,0.1117,0.1134,0.3108,0.3109,0.2946,0.291,0.3021,0.2918,0.1223,0.1091,0.1114,0.1094,0.1096,0.1169,0.2976,0.3065,0.3029,0.299,0.3072,0.2917,0.1321,0.109,0.1207,0.1163,0.121,0.1204,0.3004,0.3037,0.2994,0.2972,0.3027,0.3087,0.125,0.1146,0.114,0.1119,0.1182,0.108,0.3099,0.3064,0.2984,0.3086,0.3011,0.312,0.1213,0.1127,0.1151,0.1194,0.1111,0.1188,0.3157,0.3208,0.3,0.3003,0.3037,0.3052,0.1207,0.1143,0.1215,0.1163,0.1173,0.1194,0.1176,0.1176,0.1219,0.115,0.1136,0.1131,0.1213,0.1185,0.1171,0.1198,0.1093
3:00:00,37,0.1138,0.1144,0.1193,0.1116,0.1121,0.1111,0.1156,0.1181,0.1118,0.1167,0.1167,0.1104,0.1078,0.335,0.3483,0.3472,0.3273,0.3336,0.3327,0.1334,0.1108,0.1158,0.1197,0.1117,0.1135,0.3378,0.3398,0.3226,0.3147,0.3318,0.3217,0.1225,0.1092,0.1115,0.1094,0.1097,0.1168,0.3232,0.3343,0.331,0.3232,0.3346,0.3177,0.1323,0.1089,0.1208,0.1163,0.1208,0.1204,0.3283,0.3328,0.3286,0.3177,0.3305,0.3431,0.1249,0.1145,0.1141,0.112,0.1183,0.108,0.3375,0.3346,0.3267,0.3312,0.3306,0.3383,0.1212,0.1127,0.1151,0.1194,0.111,0.1188,0.3435,0.3501,0.3285,0.3264,0.3329,0.3339,0.1207,0.1142,0.1214,0.1163,0.1173,0.1194,0.1175,0.1175,0.122,0.1148,0.1136,0.113,0.1213,0.1183,0.117,0.1198,0.1093
3:15:00,37,0.1138,0.1143,0.1194,0.1115,0.1121,0.111,0.1156,0.118,0.1117,0.1167,0.1166,0.1103,0.1079,0.354,0.3679,0.3676,0.3492,0.3577,0.3604,0.1332,0.1108,0.1157,0.1196,0.1117,0.1134,0.3586,0.3613,0.3468,0.3408,0.3579,0.3451,0.1222,0.1092,0.1115,0.1095,0.1096,0.1168,0.344,0.3554,0.3545,0.3527,0.358,0.3426,0.1323,0.1089,0.1207,0.1163,0.1208,0.1203,0.3508,0.3557,0.3534,0.3488,0.3622,0.3705,0.1248,0.1145,0.1141,0.1119,0.1182,0.108,0.3588,0.3568,0.3518,0.3617,0.3561,0.3613,0.1212,0.1127,0.115,0.1193,0.1111,0.1187,0.3647,0.3726,0.3541,0.3519,0.3582,0.3598,0.1205,0.1142,0.1213,0.1162,0.1173,0.1193,0.1174,0.1175,0.1221,0.1148,0.1134,0.113,0.1212,0.1183,0.117,0.1198,0.1093
3:30:00,37,0.1137,0.1144,0.1192,0.1115,0.1121,0.1111,0.1155,0.1181,0.1118,0.1167,0.1166,0.1104,0.1078,0.3695,0.3818,0.3825,0.369,0.3721,0.3708,0.1333,0.1109,0.1158,0.1196,0.1117,0.1134,0.3745,0.3776,0.3606,0.3651,0.3782,0.3661,0.1222,0.1092,0.1114,0.1094,0.1096,0.1168,0.36,0.3718,0.3688,0.3639,0.3733,0.3593,0.1323,0.1089,0.1208,0.1162,0.1208,0.1203,0.3675,0.3736,0.3679,0.3653,0.3834,0.3822,0.1247,0.1145,0.1141,0.1119,0.1182,0.108,0.3745,0.3738,0.3654,0.3781,0.3721,0.3765,0.121,0.1127,0.115,0.1194,0.111,0.1187,0.3805,0.3892,0.3668,0.3695,0.3782,0.3743,0.1205,0.1141,0.1214,0.1162,0.1172,0.1194,0.1174,0.1173,0.1219,0.1147,0.1134,0.1129,0.1212,0.1183,0.1169,0.1197,0.1093
3:45:00,37,0.1137,0.1142,0.1192,0.1113,0.1119,0.1109,0.1155,0.1181,0.1117,0.1166,0.1166,0.1103,0.1078,0.377,0.3909,0.3896,0.3823,0.3792,0.3867,0.1329,0.1109,0.1157,0.1196,0.1117,0.1134,0.3823,0.388,0.369,0.3742,0.3832,0.3824,0.1221,0.1092,0.1114,0.1094,0.1096,0.1167,0.3678,0.3808,0.3754,0.379,0.3917,0.3719,0.1322,0.1088,0.1206,0.1161,0.1207,0.1202,0.3762,0.3824,0.3761,0.3791,0.3879,0.3907,0.1246,0.1145,0.1141,0.112,0.1181,0.1079,0.3841,0.3831,0.3732,0.3908,0.3884,0.3898,0.1209,0.1127,0.115,0.1193,0.1111,0.1186,0.3892,0.3995,0.3754,0.3869,0.3919,0.3875,0.1206,0.1141,0.1213,0.1163,0.1174,0.1193,0.1173,0.1173,0.122,0.1148,0.1133,0.1128,0.1211,0.1183,0.1169,0.1197,0.1092
4:00:00,37,0.1137,0.1143,0.1191,0.1114,0.1119,0.1109,0.1155,0.118,0.1118,0.1166,0.1165,0.1104,0.1077,0.3819,0.3952,0.3947,0.3898,0.3916,0.3922,0.133,0.1108,0.1158,0.1196,0.1116,0.1133,0.3875,0.3936,0.3732,0.3827,0.3948,0.3846,0.1221,0.1091,0.1114,0.1094,0.1096,0.1167,0.3734,0.3858,0.3803,0.3863,0.3963,0.3795,0.1321,0.1089,0.1206,0.1161,0.1206,0.1202,0.3811,0.3868,0.3808,0.386,0.3978,0.397,0.1246,0.1144,0.114,0.1119,0.1182,0.1079,0.3875,0.3886,0.3784,0.3991,0.397,0.3971,0.1208,0.1126,0.115,0.1193,0.1109,0.1187,0.3939,0.4047,0.3815,0.3941,0.4003,0.3941,0.1208,0.1141,0.1213,0.1161,0.1173,0.1193,0.1173,0.1172,0.1219,0.1145,0.1132,0.1128,0.1211,0.1182,0.1168,0.1197,0.1092
4:15:00,37,0.1138,0.1141,0.1191,0.1112,0.1118,0.1109,0.1155,0.118,0.1117,0.1166,0.1165,0.1103,0.1078,0.3853,0.3985,0.398,0.3931,0.3967,0.3974,0.1328,0.1109,0.1158,0.1196,0.1117,0.1133,0.3915,0.397,0.3785,0.3866,0.399,0.3892,0.122,0.1091,0.1113,0.1093,0.1096,0.1168,0.3765,0.3895,0.3839,0.3908,0.4018,0.3851,0.1321,0.109,0.1206,0.1162,0.1208,0.1202,0.3841,0.3903,0.3856,0.392,0.4028,0.4014,0.1245,0.1145,0.114,0.1119,0.1181,0.1079,0.391,0.392,0.3828,0.4026,0.4022,0.403,0.1208,0.1126,0.1149,0.1193,0.1111,0.1187,0.3975,0.4073,0.3851,0.3985,0.407,0.3996,0.121,0.1141,0.1212,0.1162,0.1175,0.1192,0.1173,0.1173,0.1219,0.1146,0.1132,0.1128,0.1211,0.1182,0.1169,0.1198,0.1092
4:30:00,37,0.1137,0.1143,0.1191,0.1113,0.112,0.1109,0.1155,0.118,0.1117,0.1166,0.1165,0.1103,0.1077,0.3871,0.4007,0.4013,0.3949,0.3979,0.401,0.1328,0.1109,0.1158,0.1196,0.1115,0.1133,0.3934,0.3991,0.3805,0.3909,0.4016,0.3926,0.122,0.1092,0.1114,0.1094,0.1096,0.1167,0.3783,0.392,0.3875,0.3937,0.4035,0.3884,0.1319,0.1089,0.1207,0.1161,0.1207,0.1201,0.3861,0.3919,0.3883,0.3937,0.4052,0.4044,0.1244,0.1145,0.114,0.1119,0.1181,0.1079,0.3924,0.3936,0.3862,0.405,0.4041,0.4052,0.1207,0.1127,0.115,0.1194,0.1109,0.1186,0.3995,0.4091,0.3881,0.4067,0.4083,0.4022,0.1211,0.1141,0.1214,0.1162,0.1174,0.1193,0.1172,0.1172,0.1218,0.1145,0.1133,0.1128,0.1211,0.1182,0.1168,0.1198,0.1092
4:45:00,37,0.1137,0.1141,0.1191,0.1112,0.1118,0.1109,0.1155,0.1179,0.1116,0.1166,0.1164,0.1103,0.1078,0.3884,0.402,0.4038,0.3979,0.4011,0.4044,0.1325,0.1108,0.1156,0.1195,0.1116,0.1133,0.3944,0.4009,0.3838,0.3923,0.4052,0.3949,0.1229,0.1092,0.1114,0.1094,0.1096,0.1167,0.3803,0.3931,0.3905,0.3944,0.406,0.3906,0.1319,0.1089,0.1204,0.1161,0.1207,0.1201,0.3876,0.3936,0.3913,0.3958,0.4063,0.4061,0.1243,0.1145,0.114,0.1119,0.1181,0.1079,0.3937,0.3953,0.3893,0.4056,0.4038,0.4068,0.1207,0.1125,0.1149,0.1193,0.1111,0.1186,0.4001,0.4097,0.3911,0.4022,0.4095,0.4045,0.121,0.1141,0.1212,0.1162,0.1174,0.1192,0.1172,0.1172,0.1219,0.1146,0.1132,0.1128,0.121,0.1182,0.1168,0.1197,0.1092
5:00:00,37,0.1137,0.1142,0.119,0.1113,0.1119,0.1109,0.1155,0.118,0.1117,0.1165,0.1165,0.1103,0.1077,0.389,0.4028,0.4062,0.3976,0.4026,0.405,0.1327,0.1108,0.1157,0.1195,0.1116,0.1133,0.3954,0.4016,0.3866,0.3917,0.4049,0.3961,0.1229,0.1091,0.1115,0.1094,0.1095,0.1167,0.3815,0.3944,0.3939,0.3948,0.4059,0.3922,0.132,0.109,0.1206,0.1161,0.1207,0.1201,0.3887,0.3956,0.3939,0.3943,0.4072,0.4079,0.1243,0.1144,0.1139,0.1118,0.118,0.1079,0.3944,0.397,0.392,0.4057,0.4055,0.4102,0.1207,0.1127,0.1149,0.1193,0.1109,0.1186,0.401,0.4108,0.3932,0.4015,0.4101,0.4062,0.121,0.114,0.1213,0.1162,0.1173,0.1192,0.1172,0.1172,0.1219,0.1146,0.1132,0.1127,0.1211,0.1182,0.1168,0.1199,0.1093
5:15:00,37,0.1137,0.1141,0.1189,0.1111,0.1118,0.1109,0.1154,0.1179,0.1117,0.1165,0.1164,0.1102,0.1078,0.3903,0.4049,0.4082,0.3984,0.4028,0.4061,0.1324,0.1108,0.1156,0.1194,0.1116,0.1133,0.3967,0.4032,0.3893,0.3939,0.4043,0.397,0.1228,0.1092,0.1114,0.1094,0.1096,0.1166,0.3825,0.3964,0.3962,0.3979,0.4081,0.3932,0.132,0.109,0.1205,0.1161,0.1207,0.1201,0.39,0.3975,0.3969,0.3959,0.4073,0.4106,0.1242,0.1145,0.114,0.1119,0.1181,0.1079,0.3964,0.3979,0.3956,0.418,0.4041,0.4108,0.1206,0.1126,0.1149,0.1193,0.111,0.1187,0.4025,0.4121,0.3962,0.4051,0.4098,0.408,0.1209,0.1141,0.1211,0.1162,0.1174,0.1192,0.1172,0.1172,0.1219,0.1146,0.1131,0.1128,0.1211,0.1182,0.1169,0.1199,0.1092
5:30:00,37,0.1137,0.1143,0.119,0.1113,0.1119,0.111,0.1155,0.118,0.1117,0.1165,0.1165,0.1103,0.1077,0.3909,0.4062,0.4118,0.3995,0.4032,0.4085,0.1327,0.1108,0.1158,0.1195,0.1116,0.1132,0.3972,0.4039,0.3922,0.3924,0.4058,0.4016,0.1229,0.1091,0.1114,0.1093,0.1096,0.1167,0.3835,0.3991,0.3995,0.3978,0.4094,0.3949,0.132,0.109,0.1206,0.116,0.1206,0.1201,0.3908,0.3962,0.399,0.3967,0.4091,0.4104,0.1242,0.1144,0.114,0.1119,0.1181,0.1078,0.3963,0.3977,0.398,0.4072,0.4072,0.4106,0.1206,0.1127,0.1149,0.1193,0.1109,0.1186,0.4026,0.413,0.3984,0.4049,0.413,0.4111,0.121,0.114,0.1213,0.1161,0.1173,0.1191,0.117,0.117,0.1217,0.1144,0.1131,0.1127,0.121,0.1181,0.1168,0.1197,0.1092
5:45:00,37,0.1137,0.1141,0.1191,0.1112,0.1118,0.1108,0.1155,0.1179,0.1117,0.1165,0.1165,0.1103,0.1077,0.3917,0.4068,0.4149,0.4007,0.4054,0.4107,0.1323,0.1108,0.1155,0.1195,0.1116,0.1132,0.3991,0.4043,0.3967,0.396,0.4095,0.4014,0.1227,0.1091,0.1114,0.1093,0.1096,0.1167,0.3841,0.3953,0.403,0.3978,0.4093,0.3974,0.1319,0.109,0.1205,0.1161,0.1206,0.12,0.3921,0.3955,0.4034,0.3968,0.4094,0.4108,0.1241,0.1144,0.1139,0.1118,0.118,0.1078,0.3978,0.3975,0.4014,0.4083,0.4098,0.4135,0.1206,0.1125,0.1148,0.1193,0.111,0.1186,0.4039,0.4133,0.4025,0.4052,0.4148,0.4113,0.1209,0.114,0.1211,0.1162,0.1174,0.1191,0.1172,0.1172,0.1219,0.1145,0.1131,0.1127,0.121,0.1181,0.1168,0.1199,0.1093
6:00:00,37,0.1137,0.1141,0.1189,0.1112,0.1119,0.1108,0.1154,0.1178,0.1116,0.1165,0.1164,0.1102,0.1076,0.3927,0.406,0.4182,0.4002,0.4058,0.4121,0.1324,0.1108,0.1157,0.1195,0.1115,0.1132,0.3982,0.4041,0.3995,0.3938,0.4102,0.4044,0.1228,0.1091,0.1113,0.1093,0.1096,0.1166,0.3832,0.3951,0.4057,0.398,0.4113,0.3992,0.1319,0.109,0.1206,0.116,0.1206,0.12,0.3908,0.3962,0.4047,0.3978,0.41,0.4116,0.1241,0.1144,0.1139,0.1118,0.1181,0.1079,0.3992,0.3971,0.4036,0.4079,0.4108,0.4161,0.1206,0.1126,0.1149,0.1193,0.1109,0.1185,0.4045,0.4123,0.4043,0.405,0.4143,0.4123,0.1208,0.114,0.1212,0.1162,0.1173,0.1192,0.1172,0.1171,0.1217,0.1144,0.1131,0.1127,0.121,0.1181,0.1167,0.1199,0.1093
6:15:00,37,0.1137,0.1142,0.1189,0.1112,0.1118,0.1108,0.1155,0.1179,0.1117,0.1164,0.1164,0.1102,0.1076,0.3927,0.4056,0.4224,0.4001,0.4041,0.4141,0.1323,0.1108,0.1158,0.1195,0.1116,0.1132,0.398,0.4033,0.402,0.395,0.4072,0.4061,0.1228,0.1091,0.1114,0.1094,0.1096,0.1166,0.3824,0.3941,0.4063,0.3984,0.4094,0.4018,0.1319,0.109,0.1206,0.116,0.1206,0.12,0.3896,0.395,0.4055,0.3965,0.4093,0.4145,0.1241,0.1144,0.1139,0.1118,0.118,0.1079,0.3984,0.3953,0.4047,0.4076,0.4071,0.4171,0.1205,0.1126,0.1149,0.1193,0.1109,0.1186,0.4041,0.4112,0.4054,0.405,0.4119,0.4134,0.1209,0.114,0.1212,0.1161,0.1173,0.1191,0.117,0.117,0.1217,0.1144,0.113,0.1126,0.1209,0.1181,0.1167,0.1198,0.1092
6:30:00,37,0.1138,0.1141,0.119,0.1111,0.1117,0.1108,0.1155,0.1179,0.1116,0.1165,0.1165,0.1103,0.1077,0.3919,0.4058,0.4241,0.4014,0.405,0.4164,0.1321,0.1108,0.1156,0.1195,0.1116,0.1132,0.3979,0.4029,0.4048,0.3933,0.406,0.4064,0.1227,0.1091,0.1113,0.1093,0.1096,0.1167,0.3815,0.3943,0.409,0.3983,0.4084,0.4026,0.1319,0.1091,0.1205,0.1161,0.1205,0.12,0.3895,0.3948,0.4081,0.3976,0.4088,0.4163,0.124,0.1144,0.114,0.1118,0.1179,0.1078,0.3986,0.3949,0.4076,0.4093,0.4078,0.4186,0.1204,0.1125,0.1148,0.1192,0.111,0.1185,0.4039,0.4117,0.4075,0.4066,0.4117,0.416,0.1207,0.1141,0.1211,0.1161,0.1174,0.119,0.117,0.1171,0.1218,0.1144,0.113,0.1127,0.1209,0.1183,0.1167,0.1198,0.1092
6:45:00,37,0.1137,0.1141,0.1189,0.1112,0.1118,0.1108,0.1154,0.1178,0.1117,0.1164,0.1164,0.1102,0.1076,0.3913,0.4051,0.4257,0.3998,0.4026,0.4166,0.1322,0.1107,0.1156,0.1194,0.1115,0.1132,0.3969,0.4031,0.4065,0.3935,0.405,0.4067,0.1227,0.1091,0.1113,0.1093,0.1095,0.1166,0.381,0.3933,0.4099,0.3987,0.4069,0.4032,0.1324,0.1091,0.1204,0.116,0.1205,0.12,0.3886,0.3943,0.4093,0.3952,0.4082,0.4158,0.124,0.1143,0.1139,0.1118,0.118,0.1078,0.3978,0.3943,0.4092,0.4093,0.4053,0.4182,0.1204,0.1126,0.1149,0.1193,0.1109,0.1185,0.4024,0.4107,0.4081,0.4054,0.4072,0.4149,0.1207,0.114,0.1212,0.1161,0.1173,0.1192,0.1171,0.117,0.1217,0.1144,0.1131,0.1127,0.121,0.1183,0.1168,0.1199,0.1092
7:00:00,37,0.1137,0.114,0.119,0.1111,0.1116,0.1107,0.1154,0.1178,0.1116,0.1164,0.1164,0.1102,0.1076,0.3912,0.4052,0.4284,0.3988,0.4014,0.4173,0.1318,0.1108,0.1156,0.1194,0.1115,0.1131,0.3969,0.4023,0.4081,0.3947,0.4032,0.4048,0.1226,0.1091,0.1113,0.1092,0.1095,0.1166,0.3802,0.3931,0.4123,0.3951,0.4052,0.4017,0.1325,0.1091,0.1204,0.116,0.1205,0.12,0.3874,0.3938,0.4105,0.3962,0.4055,0.4162,0.1239,0.1144,0.1139,0.1118,0.1179,0.1078,0.3978,0.3934,0.4099,0.4056,0.4031,0.4178,0.1203,0.1125,0.1148,0.1193,0.1111,0.1185,0.4027,0.4106,0.41,0.4032,0.4034,0.4115,0.1206,0.114,0.1211,0.1162,0.1174,0.119,0.117,0.1171,0.1218,0.1144,0.113,0.1126,0.1209,0.1182,0.1168,0.1197,0.1091
7:15:00,37,0.1137,0.1141,0.1189,0.1111,0.1116,0.1108,0.1154,0.1179,0.1117,0.1165,0.1164,0.1102,0.1076,0.3905,0.4051,0.4304,0.3976,0.4019,0.4178,0.132,0.1107,0.1157,0.1195,0.1114,0.1132,0.3968,0.4023,0.4102,0.3895,0.4018,0.4079,0.1226,0.1091,0.1113,0.1093,0.1096,0.1165,0.3794,0.3927,0.4141,0.396,0.4053,0.4031,0.1326,0.1091,0.1205,0.1159,0.1204,0.12,0.3874,0.3939,0.4121,0.3936,0.4062,0.4156,0.1239,0.1144,0.1139,0.1118,0.118,0.1079,0.3969,0.393,0.4117,0.4024,0.4037,0.4167,0.1203,0.1126,0.1149,0.1193,0.1109,0.1186,0.4016,0.4098,0.4109,0.4002,0.4025,0.413,0.1207,0.114,0.1213,0.1161,0.1172,0.1191,0.117,0.1171,0.1216,0.1143,0.113,0.1126,0.121,0.1182,0.1166,0.1198,0.1092
7:30:00,37,0.1136,0.1141,0.1188,0.111,0.1117,0.1108,0.1154,0.1179,0.1116,0.1165,0.1164,0.1102,0.1077,0.3906,0.405,0.4339,0.3952,0.3999,0.4181,0.132,0.1108,0.1156,0.1195,0.1115,0.1131,0.397,0.4021,0.4134,0.3878,0.3996,0.4067,0.1225,0.1091,0.1113,0.1093,0.1095,0.1165,0.3796,0.3917,0.4164,0.3923,0.4063,0.4014,0.1326,0.1093,0.1203,0.1161,0.1204,0.1199,0.3875,0.3934,0.4164,0.391,0.4012,0.4147,0.1239,0.1144,0.1139,0.1118,0.1179,0.1078,0.3978,0.3925,0.4162,0.3991,0.4,0.4161,0.1203,0.1126,0.1148,0.1192,0.111,0.1185,0.4019,0.4099,0.4149,0.3974,0.4014,0.4147,0.1207,0.114,0.1213,0.1161,0.1174,0.1191,0.117,0.1171,0.1217,0.1145,0.1129,0.1126,0.1209,0.1183,0.1168,0.1198,0.1091
7:45:00,37,0.1138,0.114,0.119,0.111,0.1116,0.1108,0.1153,0.1178,0.1116,0.1164,0.1164,0.1102,0.1078,0.39,0.4049,0.4374,0.3926,0.3987,0.418,0.1318,0.1108,0.1156,0.1195,0.1115,0.113,0.3978,0.4021,0.4178,0.384,0.4039,0.4042,0.1224,0.1092,0.1112,0.1092,0.1095,0.1165,0.3808,0.3914,0.4205,0.3901,0.4037,0.4022,0.1329,0.1094,0.1203,0.1157,0.1203,0.1198,0.389,0.393,0.4207,0.3882,0.3983,0.415,0.1238,0.1144,0.1139,0.1117,0.1179,0.1077,0.3969,0.3918,0.4196,0.3971,0.399,0.4187,0.1203,0.1126,0.1148,0.1194,0.111,0.1184,0.4016,0.4096,0.4183,0.3934,0.401,0.4136,0.1206,0.1139,0.1212,0.116,0.1173,0.119,0.117,0.1171,0.1218,0.1145,0.1131,0.1125,0.1209,0.1183,0.1167,0.1198,0.1092
8:00:00,37,0.1137,0.1141,0.1189,0.1108,0.1116,0.1107,0.1153,0.1178,0.1115,0.1164,0.1163,0.1102,0.1077,0.39,0.4048,0.4416,0.3911,0.3973,0.4173,0.132,0.1108,0.1155,0.1194,0.1115,0.1131,0.3991,0.4024,0.4202,0.3829,0.4013,0.4086,0.1225,0.1091,0.1112,0.1092,0.1095,0.1166,0.3819,0.3917,0.4229,0.3884,0.4003,0.403,0.1331,0.1094,0.1204,0.116,0.1204,0.1199,0.3888,0.3931,0.4217,0.3849,0.3972,0.4154,0.1238,0.1144,0.1138,0.1118,0.1179,0.1078,0.398,0.3921,0.4209,0.3956,0.3978,0.4191,0.1203,0.1125,0.1148,0.1192,0.111,0.1185,0.4023,0.4099,0.4195,0.3928,0.3999,0.4139,0.1207,0.1139,0.1213,0.1162,0.1173,0.119,0.117,0.117,0.1218,0.1144,0.113,0.1126,0.1209,0.1183,0.1167,0.1198,0.1092
8:15:00,37,0.1138,0.114,0.119,0.1108,0.1115,0.1107,0.1154,0.1178,0.1116,0.1165,0.1163,0.1102,0.1078,0.3922,0.4052,0.4437,0.3926,0.3975,0.418,0.1323,0.1109,0.1156,0.1195,0.1115,0.1131,0.3998,0.4018,0.4229,0.3818,0.3973,0.4111,0.1224,0.1091,0.1112,0.1092,0.1095,0.1165,0.3818,0.3921,0.4249,0.3878,0.4003,0.4051,0.1331,0.1095,0.1203,0.1157,0.1203,0.1198,0.3885,0.3939,0.4241,0.3825,0.3964,0.4172,0.1237,0.1144,0.1138,0.1117,0.1178,0.1077,0.3999,0.3935,0.4234,0.3955,0.3963,0.4198,0.1202,0.1125,0.1148,0.1194,0.1109,0.1184,0.4044,0.4097,0.4208,0.3921,0.3994,0.4142,0.1205,0.114,0.1212,0.1161,0.1174,0.1189,0.1169,0.1171,0.1217,0.1145,0.113,0.1126,0.1208,0.1183,0.1167,0.1198,0.1092
8:30:00,37,0.1137,0.114,0.1188,0.1109,0.1116,0.1107,0.1153,0.1178,0.1116,0.1164,0.1164,0.1103,0.1075,0.3913,0.4048,0.445,0.3911,0.395,0.4223,0.1326,0.1108,0.1155,0.1194,0.1115,0.1131,0.3987,0.4026,0.4237,0.3803,0.395,0.4096,0.1224,0.109,0.1113,0.1092,0.1095,0.1164,0.3802,0.3931,0.4253,0.3858,0.3987,0.4044,0.1331,0.1095,0.1203,0.116,0.1203,0.1199,0.3876,0.394,0.4251,0.3809,0.3942,0.416,0.1237,0.1144,0.1138,0.1117,0.1179,0.1077,0.3992,0.3933,0.4236,0.3948,0.3943,0.4188,0.1202,0.1125,0.1148,0.1192,0.111,0.1184,0.4038,0.4085,0.4219,0.3914,0.3992,0.4139,0.1206,0.114,0.1212,0.1161,0.1173,0.119,0.1169,0.117,0.1217,0.1144,0.113,0.1125,0.1209,0.1182,0.1167,0.1198,0.1092
8:45:00,37,0.1137,0.114,0.1189,0.1108,0.1114,0.1107,0.1153,0.1178,0.1115,0.1165,0.1162,0.1101,0.1076,0.3914,0.4058,0.4466,0.3898,0.393,0.4216,0.1328,0.1108,0.1155,0.1194,0.1115,0.113,0.3981,0.4043,0.4253,0.3805,0.394,0.4093,0.1224,0.1091,0.1112,0.1092,0.1095,0.1165,0.3796,0.3925,0.4266,0.3842,0.3975,0.4054,0.133,0.1096,0.1202,0.1156,0.1203,0.1199,0.3872,0.3932,0.4269,0.379,0.3931,0.415,0.1236,0.1143,0.1138,0.1117,0.1178,0.1077,0.3994,0.3922,0.425,0.3946,0.3926,0.4192,0.1202,0.1125,0.1148,0.1193,0.111,0.1184,0.403,0.4099,0.4227,0.3905,0.3979,0.4149,0.1205,0.1139,0.1212,0.116,0.1173,0.1189,0.1169,0.117,0.1218,0.1144,0.113,0.1125,0.1208,0.1182,0.1167,0.1197,0.1091
9:00:00,37,0.1137,0.1141,0.1188,0.1108,0.1116,0.1108,0.1154,0.1179,0.1116,0.1164,0.1164,0.1102,0.1076,0.3914,0.4068,0.4482,0.3887,0.394,0.4224,0.133,0.1107,0.1155,0.1194,0.1115,0.113,0.3979,0.4047,0.4264,0.3817,0.393,0.4112,0.1224,0.109,0.1112,0.1092,0.1095,0.1165,0.3793,0.3925,0.4277,0.3833,0.3949,0.4065,0.1331,0.1096,0.1203,0.1159,0.1203,0.1199,0.386,0.3937,0.4282,0.3787,0.3925,0.4151,0.1237,0.1144,0.1138,0.1118,0.1178,0.1077,0.3996,0.3925,0.4266,0.3931,0.3924,0.4195,0.1202,0.1126,0.1148,0.1192,0.1109,0.1184,0.4029,0.4111,0.4239,0.3889,0.3968,0.4156,0.1204,0.1139,0.1211,0.1161,0.1173,0.1189,0.1169,0.1169,0.1216,0.1143,0.1129,0.1125,0.1209,0.1182,0.1167,0.1197,0.1091
9:15:00,37,0.1137,0.1142,0.1189,0.1108,0.1115,0.1107,0.1152,0.1178,0.1115,0.1164,0.1162,0.1101,0.1077,0.3906,0.4075,0.4486,0.3877,0.3925,0.4221,0.133,0.1107,0.1155,0.1194,0.1115,0.113,0.3971,0.4043,0.4269,0.3789,0.3918,0.4095,0.1223,0.1091,0.1112,0.1092,0.1095,0.1165,0.3787,0.3923,0.429,0.3828,0.3942,0.4076,0.1331,0.1096,0.1203,0.1156,0.1203,0.12,0.3853,0.3926,0.4288,0.3764,0.3921,0.4159,0.1236,0.1144,0.1139,0.1117,0.1179,0.1077,0.3987,0.3916,0.4273,0.3918,0.3916,0.4209,0.1201,0.1125,0.1147,0.1194,0.1109,0.1183,0.4026,0.411,0.424,0.3884,0.3969,0.4147,0.1203,0.1139,0.1211,0.1159,0.1172,0.1189,0.1168,0.117,0.1217,0.1144,0.113,0.1126,0.1208,0.1182,0.1167,0.1198,0.1092
9:30:00,37,0.1136,0.1143,0.1188,0.1109,0.1116,0.1107,0.1153,0.1179,0.1116,0.1164,0.1163,0.1101,0.1077,0.3899,0.4065,0.4496,0.3876,0.3901,0.4243,0.1331,0.1108,0.1155,0.1194,0.1115,0.113,0.3964,0.4034,0.4273,0.3781,0.3901,0.4106,0.1223,0.109,0.1112,0.1092,0.1095,0.1165,0.3778,0.3908,0.4289,0.3806,0.3925,0.4068,0.133,0.1096,0.1202,0.116,0.1203,0.12,0.3851,0.3922,0.4289,0.3754,0.3904,0.4169,0.1236,0.1143,0.1138,0.1117,0.1178,0.1077,0.3977,0.3903,0.4279,0.3907,0.3894,0.4196,0.1201,0.1125,0.1147,0.1192,0.1109,0.1183,0.4019,0.41,0.4246,0.3867,0.3948,0.4156,0.1204,0.1139,0.1212,0.1161,0.1173,0.1189,0.1168,0.1169,0.1216,0.1143,0.1129,0.1125,0.1209,0.1182,0.1166,0.1197,0.1091
9:45:00,37,0.1138,0.1143,0.1188,0.1108,0.1114,0.1107,0.1153,0.1178,0.1115,0.1165,0.1162,0.1101,0.1077,0.3898,0.4062,0.4493,0.3863,0.3899,0.4244,0.1328,0.1107,0.1155,0.1194,0.1114,0.113,0.3966,0.403,0.4281,0.3767,0.3905,0.4095,0.1223,0.1091,0.1112,0.1092,0.1095,0.1165,0.3783,0.3903,0.4286,0.3799,0.3947,0.4068,0.1329,0.1096,0.1202,0.1156,0.1202,0.12,0.3849,0.3917,0.43,0.376,0.3902,0.4156,0.1235,0.1143,0.1139,0.1118,0.1178,0.1077,0.3977,0.3896,0.4277,0.3907,0.3902,0.4199,0.1201,0.1126,0.1147,0.1194,0.111,0.1184,0.4013,0.4098,0.4246,0.3862,0.3971,0.4161,0.1203,0.1139,0.1212,0.1159,0.1172,0.1189,0.1169,0.1171,0.1217,0.1145,0.1131,0.1126,0.1209,0.1182,0.1167,0.1197,0.1092
10:00:00,37,0.1137,0.1144,0.1187,0.1108,0.1115,0.1107,0.1153,0.1178,0.1115,0.1164,0.1163,0.1102,0.1076,0.3893,0.4062,0.4488,0.3849,0.39,0.4247,0.1331,0.1108,0.1155,0.1194,0.1116,0.113,0.3968,0.4037,0.4276,0.3765,0.3893,0.4118,0.1223,0.109,0.1112,0.1092,0.1095,0.1164,0.3779,0.3907,0.4285,0.3779,0.394,0.4075,0.1329,0.1096,0.1203,0.1159,0.1202,0.12,0.3839,0.3911,0.4289,0.3732,0.3896,0.4163,0.1236,0.1143,0.1137,0.1117,0.1178,0.1077,0.397,0.3898,0.4266,0.3886,0.3891,0.4207,0.1202,0.1125,0.1147,0.1191,0.111,0.1183,0.4011,0.4096,0.4234,0.3853,0.3936,0.4162,0.1204,0.1139,0.1212,0.1161,0.1172,0.1189,0.1168,0.1168,0.1216,0.1142,0.1129,0.1124,0.1209,0.1182,0.1166,0.1197,0.1091
10:15:00,37,0.1136,0.1143,0.1185,0.1108,0.1116,0.1107,0.1152,0.1178,0.1115,0.1164,0.1163,0.11,0.1076,0.3891,0.4061,0.4479,0.3848,0.3895,0.4246,0.1332,0.1108,0.1157,0.1194,0.1114,0.113,0.3955,0.4028,0.4254,0.3751,0.3877,0.4121,0.1224,0.109,0.1112,0.1092,0.1094,0.1164,0.3776,0.3895,0.4266,0.3783,0.3927,0.4073,0.1329,0.1096,0.1204,0.1159,0.1202,0.12,0.3834,0.3899,0.4276,0.3734,0.387,0.4152,0.1236,0.1143,0.1138,0.1117,0.1179,0.1077,0.3964,0.3889,0.425,0.3877,0.3877,0.4219,0.1202,0.1126,0.1147,0.1191,0.1107,0.1184,0.4006,0.4087,0.4218,0.3847,0.3932,0.4173,0.1204,0.1139,0.1213,0.1161,0.1171,0.119,0.1168,0.1168,0.1216,0.1142,0.1129,0.1125,0.1208,0.1181,0.1166,0.1197,0.1091
10:30:00,37,0.1136,0.1143,0.1187,0.1108,0.1115,0.1107,0.1152,0.1177,0.1115,0.1164,0.1163,0.1101,0.1075,0.3886,0.4065,0.4462,0.3829,0.3881,0.4248,0.133,0.1107,0.1155,0.1193,0.1114,0.113,0.3958,0.4029,0.4248,0.3736,0.3877,0.4082,0.1223,0.109,0.1112,0.1092,0.1094,0.1165,0.3773,0.3896,0.425,0.3774,0.3919,0.4076,0.1329,0.1096,0.1202,0.116,0.1202,0.12,0.3835,0.3906,0.4267,0.3717,0.3874,0.4164,0.1236,0.1143,0.1138,0.1117,0.1178,0.1077,0.397,0.3885,0.4236,0.3862,0.3872,0.4203,0.1203,0.1125,0.1147,0.1191,0.111,0.1184,0.4005,0.4093,0.42,0.3832,0.3929,0.4162,0.1204,0.1139,0.1211,0.116,0.1172,0.1189,0.1168,0.1169,0.1216,0.1143,0.1128,0.1125,0.1208,0.1182,0.1167,0.1197,0.1091
10:45:00,37,0.1136,0.1144,0.1186,0.1108,0.1115,0.1107,0.1152,0.1179,0.1115,0.1164,0.1163,0.1101,0.1075,0.3887,0.4055,0.4448,0.3826,0.3873,0.4261,0.134,0.1107,0.1156,0.1194,0.1114,0.113,0.3955,0.4025,0.4231,0.3734,0.3873,0.4126,0.1224,0.109,0.1112,0.1092,0.1094,0.1164,0.3769,0.3885,0.4231,0.3758,0.3908,0.4086,0.1329,0.1096,0.1203,0.1158,0.1202,0.12,0.3829,0.3895,0.425,0.3703,0.3868,0.4158,0.1236,0.1142,0.1138,0.1117,0.1178,0.1077,0.3962,0.388,0.4213,0.3846,0.3862,0.4214,0.1203,0.1126,0.1148,0.1191,0.1108,0.1184,0.4004,0.4085,0.4174,0.3828,0.3903,0.4149,0.1204,0.1139,0.1212,0.116,0.1171,0.1189,0.1168,0.1169,0.1215,0.1142,0.1129,0.1125,0.1208,0.1181,0.1165,0.1196,0.1091
11:00:00,37,0.1136,0.1143,0.1186,0.1107,0.1115,0.1106,0.1151,0.1178,0.1115,0.1163,0.1163,0.1102,0.1074,0.3882,0.4051,0.4432,0.3831,0.3863,0.4263,0.1339,0.1107,0.1154,0.1193,0.1115,0.113,0.3955,0.4024,0.4211,0.3726,0.3854,0.4083,0.1224,0.109,0.1112,0.1092,0.1094,0.1163,0.3767,0.3881,0.4212,0.3754,0.3903,0.4083,0.1328,0.1096,0.1202,0.1159,0.1202,0.12,0.3824,0.3897,0.4226,0.369,0.3863,0.4164,0.1235,0.1144,0.1138,0.1117,0.1178,0.1077,0.3965,0.3874,0.4192,0.3844,0.3844,0.42,0.1203,0.1124,0.1147,0.1191,0.1109,0.1184,0.4,0.4082,0.4162,0.3814,0.3903,0.4174,0.1204,0.1139,0.121,0.116,0.1172,0.1189,0.1168,0.1169,0.1217,0.1143,0.1128,0.1125,0.1208,0.1182,0.1166,0.1197,0.1091
11:15:00,37,0.1136,0.1143,0.1187,0.1108,0.1116,0.1107,0.1153,0.1178,0.1115,0.1164,0.1164,0.1102,0.1075,0.3885,0.4057,0.441,0.3822,0.3867,0.4248,0.1337,0.1107,0.1154,0.1193,0.1114,0.113,0.3956,0.4028,0.4192,0.3714,0.3858,0.4076,0.1224,0.1091,0.1112,0.1092,0.1095,0.1164,0.3765,0.3888,0.4192,0.3751,0.3911,0.4082,0.1328,0.1096,0.1202,0.116,0.1201,0.12,0.3825,0.3896,0.4208,0.3693,0.3858,0.4201,0.1235,0.1143,0.1138,0.1117,0.1178,0.1077,0.3969,0.387,0.418,0.3853,0.3859,0.422,0.1202,0.1125,0.1147,0.1191,0.1109,0.1184,0.4004,0.4081,0.4137,0.3819,0.3912,0.4169,0.1203,0.1139,0.1211,0.116,0.1172,0.1189,0.1168,0.1168,0.1216,0.1142,0.1127,0.1125,0.1208,0.1181,0.1166,0.1197,0.1091
11:30:00,37,0.1137,0.1143,0.1187,0.1107,0.1114,0.1107,0.1152,0.118,0.1114,0.1164,0.1163,0.1101,0.1076,0.3871,0.4061,0.4398,0.381,0.3859,0.4278,0.1333,0.1108,0.1155,0.1193,0.1114,0.113,0.3955,0.4029,0.4171,0.3711,0.3849,0.4099,0.1224,0.109,0.1112,0.1092,0.1095,0.1164,0.3765,0.3885,0.4178,0.3741,0.3918,0.4091,0.1328,0.1096,0.1201,0.1156,0.1202,0.12,0.3824,0.3891,0.4196,0.3681,0.3849,0.416,0.1233,0.1143,0.1138,0.1116,0.1177,0.1077,0.3965,0.387,0.4153,0.3839,0.3866,0.422,0.1201,0.1124,0.1147,0.1192,0.1108,0.1183,0.3998,0.4083,0.4126,0.3806,0.3904,0.4167,0.1202,0.1138,0.121,0.1158,0.1171,0.1188,0.1167,0.1169,0.1216,0.1143,0.1129,0.1125,0.1207,0.1182,0.1166,0.1196,0.109
11:45:00,37,0.1136,0.1143,0.1187,0.1107,0.1115,0.1106,0.1151,0.1182,0.1115,0.1164,0.1163,0.1101,0.1074,0.3872,0.4068,0.4379,0.3802,0.3869,0.4223,0.1337,0.1108,0.1154,0.1193,0.1114,0.113,0.3954,0.4031,0.4151,0.3702,0.385,0.4067,0.1225,0.109,0.1112,0.1092,0.1095,0.1164,0.3763,0.3887,0.4164,0.3737,0.3904,0.4098,0.1328,0.1097,0.1201,0.116,0.1201,0.12,0.382,0.3889,0.4177,0.3678,0.3841,0.4165,0.1236,0.1143,0.1138,0.1117,0.1178,0.1077,0.3965,0.3871,0.4133,0.3831,0.385,0.4223,0.1203,0.1125,0.1147,0.119,0.1109,0.1183,0.3997,0.4082,0.4101,0.3791,0.3897,0.416,0.1203,0.1137,0.121,0.1159,0.1171,0.1189,0.1167,0.1168,0.1216,0.1142,0.1127,0.1125,0.1207,0.1181,0.1166,0.1197,0.1091
12:00:00,37,0.1137,0.1144,0.1187,0.1107,0.1115,0.1107,0.1152,0.1182,0.1116,0.1164,0.1162,0.1102,0.1076,0.3874,0.4064,0.436,0.3799,0.3857,0.4229,0.1336,0.1108,0.1154,0.1193,0.1114,0.1129,0.3951,0.4031,0.414,0.3703,0.3846,0.4108,0.1224,0.109,0.1112,0.1091,0.1094,0.1163,0.3761,0.3886,0.4147,0.3733,0.3921,0.4099,0.1328,0.1096,0.1201,0.1156,0.1201,0.12,0.3817,0.3881,0.415,0.3674,0.3846,0.4141,0.1234,0.1143,0.1138,0.1116,0.1178,0.1076,0.3964,0.3864,0.4115,0.3828,0.3857,0.4214,0.1203,0.1125,0.1147,0.1192,0.1109,0.1182,0.3994,0.4079,0.4074,0.3798,0.391,0.4147,0.1205,0.1138,0.121,0.1159,0.1171,0.1188,0.1168,0.1169,0.1216,0.1143,0.1129,0.1125,0.1208,0.1182,0.1167,0.1199,0.1091
12:15:00,37,0.1136,0.1144,0.1186,0.1107,0.1114,0.1106,0.1152,0.1182,0.1115,0.1164,0.1162,0.1101,0.1075,0.3878,0.4063,0.4339,0.3799,0.3853,0.4263,0.1336,0.1108,0.1155,0.1193,0.1114,0.1129,0.3951,0.4028,0.411,0.3698,0.384,0.411,0.1224,0.109,0.1111,0.1092,0.1094,0.1164,0.3765,0.3877,0.4122,0.3742,0.3902,0.4061,0.1328,0.1096,0.1201,0.1159,0.1201,0.12,0.3824,0.3873,0.4126,0.3665,0.3849,0.4175,0.1235,0.1143,0.1138,0.1116,0.1177,0.1077,0.3969,0.3864,0.4088,0.3819,0.3836,0.4217,0.1204,0.1125,0.1147,0.119,0.1109,0.1183,0.4,0.408,0.4051,0.3795,0.3901,0.4162,0.1204,0.1138,0.1211,0.1159,0.1172,0.1188,0.1167,0.1168,0.1216,0.1142,0.1127,0.1124,0.1207,0.1181,0.1166,0.1201,0.109
12:30:00,37,0.1136,0.1143,0.1187,0.1106,0.1114,0.1106,0.1152,0.1182,0.1115,0.1164,0.1162,0.1101,0.1075,0.3875,0.4068,0.4318,0.3809,0.3858,0.4222,0.1332,0.1107,0.1154,0.1193,0.1114,0.1129,0.3955,0.4032,0.4102,0.3706,0.384,0.4096,0.1224,0.109,0.1112,0.1091,0.1094,0.1164,0.3765,0.3882,0.4104,0.3735,0.39,0.4091,0.1327,0.1095,0.12,0.1155,0.1201,0.1199,0.3825,0.3872,0.4102,0.3663,0.3838,0.4182,0.1233,0.1142,0.1137,0.1116,0.1177,0.1076,0.3973,0.3861,0.4069,0.3831,0.386,0.4217,0.1204,0.1125,0.1147,0.1191,0.1108,0.1183,0.4,0.4083,0.4031,0.3785,0.3905,0.4125,0.1205,0.1138,0.121,0.1158,0.1171,0.1188,0.1167,0.1168,0.1217,0.1143,0.1129,0.1124,0.1207,0.1181,0.1166,0.1201,0.1091
12:45:00,37,0.1136,0.1143,0.1186,0.1106,0.1115,0.1106,0.1152,0.1183,0.1115,0.1163,0.1163,0.1101,0.1074,0.3879,0.4069,0.4311,0.3795,0.3858,0.4249,0.1335,0.1107,0.1154,0.1193,0.1114,0.1129,0.3956,0.4032,0.4079,0.3696,0.384,0.4089,0.1225,0.109,0.1112,0.1091,0.1094,0.1164,0.3765,0.388,0.4087,0.3727,0.3902,0.4038,0.1328,0.1096,0.1202,0.1159,0.1201,0.12,0.3825,0.3866,0.4075,0.3647,0.3833,0.4181,0.1234,0.1144,0.1138,0.1117,0.1177,0.1076,0.397,0.3855,0.4046,0.3807,0.3833,0.4217,0.1205,0.1124,0.1146,0.119,0.1109,0.1183,0.4004,0.4076,0.4009,0.378,0.3899,0.4138,0.1205,0.1139,0.1211,0.116,0.1171,0.1193,0.1167,0.1168,0.1217,0.1142,0.1127,0.1125,0.1207,0.1182,0.1166,0.1202,0.1091
13:00:00,37,0.1137,0.1143,0.1187,0.1106,0.1114,0.1107,0.1152,0.1182,0.1114,0.1164,0.1162,0.1101,0.1076,0.3875,0.407,0.4299,0.3788,0.3843,0.4194,0.1332,0.1107,0.1154,0.1193,0.1114,0.1129,0.3955,0.4035,0.406,0.3677,0.382,0.4124,0.1224,0.109,0.1112,0.1091,0.1094,0.1164,0.376,0.3876,0.4067,0.372,0.3889,0.4081,0.1327,0.1095,0.12,0.1155,0.1201,0.1199,0.3826,0.3858,0.4062,0.3636,0.3819,0.4123,0.1234,0.1142,0.1137,0.1116,0.1177,0.1076,0.3971,0.3846,0.4023,0.3805,0.3835,0.4182,0.1204,0.1124,0.1146,0.1192,0.1108,0.1182,0.4001,0.4073,0.3987,0.3766,0.3886,0.4167,0.1204,0.1138,0.1211,0.1159,0.1171,0.1192,0.1166,0.1168,0.1218,0.1143,0.1128,0.1124,0.1207,0.1181,0.1166,0.1202,0.109
13:15:00,37,0.1136,0.1143,0.1185,0.1107,0.1115,0.1107,0.1152,0.1183,0.1115,0.1164,0.1164,0.1101,0.1075,0.3879,0.407,0.4285,0.3792,0.3849,0.4303,0.1334,0.1106,0.1154,0.1192,0.1114,0.1129,0.3957,0.4038,0.4041,0.3689,0.3812,0.4061,0.1225,0.109,0.1112,0.1091,0.1094,0.1164,0.3761,0.3878,0.4049,0.3721,0.3882,0.4096,0.1328,0.1095,0.1201,0.1158,0.1201,0.1199,0.3832,0.3862,0.403,0.3636,0.3824,0.4129,0.1234,0.1143,0.1137,0.1116,0.1177,0.1077,0.398,0.3854,0.4009,0.3813,0.3843,0.4268,0.1205,0.1125,0.1147,0.1191,0.1109,0.1182,0.4004,0.4069,0.3958,0.3768,0.3882,0.4149,0.1204,0.1137,0.121,0.1159,0.1171,0.1194,0.1167,0.1167,0.1216,0.1142,0.1126,0.1124,0.1207,0.1181,0.1166,0.1203,0.109
13:30:00,37,0.1136,0.1143,0.1186,0.1106,0.1114,0.1106,0.1155,0.1183,0.1115,0.1163,0.1162,0.1101,0.1075,0.3875,0.4077,0.4268,0.3779,0.3847,0.4279,0.1333,0.1107,0.1153,0.1192,0.1114,0.1129,0.3957,0.4045,0.402,0.3709,0.3808,0.4168,0.1224,0.1089,0.1112,0.109,0.1093,0.1163,0.3757,0.3879,0.4026,0.3713,0.388,0.4074,0.1329,0.1096,0.12,0.1156,0.1201,0.1199,0.3829,0.3862,0.4012,0.3628,0.3825,0.4144,0.1234,0.1143,0.1137,0.1116,0.1178,0.1076,0.3974,0.3845,0.3983,0.3798,0.3837,0.4181,0.1205,0.1124,0.1146,0.1192,0.1108,0.1183,0.3999,0.4066,0.3937,0.3783,0.3884,0.42,0.1204,0.1138,0.121,0.1159,0.1172,0.1194,0.1167,0.1168,0.1218,0.1143,0.1128,0.1124,0.1207,0.1182,0.1165,0.1203,0.1091
13:45:00,37,0.1135,0.1142,0.1185,0.1107,0.1114,0.1106,0.1155,0.1183,0.1115,0.1162,0.1162,0.11,0.1075,0.3876,0.4079,0.4258,0.3788,0.385,0.4251,0.1335,0.1107,0.1153,0.1192,0.1114,0.1129,0.3956,0.4044,0.3995,0.3709,0.3806,0.413,0.1224,0.1089,0.1112,0.1091,0.1093,0.1163,0.3756,0.3877,0.4005,0.3759,0.3883,0.4135,0.1328,0.1095,0.12,0.1158,0.1201,0.1199,0.3832,0.3856,0.3992,0.3612,0.3814,0.4155,0.1236,0.1143,0.1138,0.1116,0.1177,0.1076,0.3972,0.3846,0.396,0.3801,0.3848,0.4322,0.1204,0.1124,0.1146,0.119,0.1108,0.1183,0.401,0.4063,0.3911,0.3746,0.3875,0.4155,0.1204,0.1138,0.1209,0.116,0.1171,0.1194,0.1166,0.1167,0.1217,0.1141,0.1127,0.1125,0.1207,0.1182,0.1166,0.1203,0.1091
14:00:00,37,0.1136,0.1142,0.1186,0.1105,0.1113,0.1106,0.1155,0.1181,0.1113,0.1162,0.116,0.11,0.1075,0.3875,0.4076,0.4246,0.3799,0.3851,0.4244,0.1333,0.1107,0.1154,0.1193,0.1113,0.1129,0.3956,0.4042,0.3985,0.366,0.3825,0.4116,0.1225,0.109,0.1111,0.1091,0.1093,0.1164,0.3754,0.3878,0.3987,0.3743,0.3889,0.4144,0.133,0.1096,0.12,0.1155,0.12,0.12,0.3829,0.3851,0.3967,0.3652,0.3836,0.4162,0.1235,0.1143,0.1137,0.1117,0.1177,0.1076,0.3984,0.3839,0.3943,0.3782,0.3837,0.4202,0.1205,0.1124,0.1146,0.1192,0.1108,0.1182,0.4008,0.4064,0.3882,0.3814,0.3863,0.4254,0.1204,0.1138,0.121,0.1159,0.1172,0.1194,0.1166,0.1167,0.1217,0.1142,0.1128,0.1124,0.1206,0.1181,0.1166,0.1201,0.1091
14:15:00,37,0.1136,0.1143,0.1185,0.1107,0.1114,0.1106,0.1156,0.1183,0.1115,0.1163,0.1163,0.1101,0.1073,0.3878,0.4079,0.4231,0.3797,0.3837,0.4215,0.1334,0.1107,0.1153,0.1193,0.1114,0.1129,0.3955,0.4045,0.3956,0.4112,0.3799,0.4095,0.1225,0.1089,0.1112,0.1091,0.1094,0.1163,0.3749,0.3888,0.3982,0.3696,0.3863,0.4036,0.1329,0.1096,0.12,0.1157,0.12,0.1199,0.3824,0.3845,0.3943,0.3616,0.3807,0.4195,0.1235,0.1143,0.1137,0.1116,0.1177,0.1076,0.398,0.3838,0.3924,0.3789,0.3833,0.4254,0.1205,0.1124,0.1147,0.119,0.1109,0.1182,0.4002,0.4062,0.3859,0.3802,0.3865,0.4145,0.1204,0.1138,0.1209,0.116,0.1171,0.1195,0.1166,0.1166,0.1217,0.1141,0.1126,0.1123,0.1206,0.1182,0.1166,0.1203,0.109
14:30:00,37,0.1136,0.1143,0.1186,0.1105,0.1112,0.1106,0.1156,0.1181,0.1114,0.1162,0.1161,0.11,0.1074,0.3878,0.4083,0.4221,0.3797,0.3836,0.424,0.1333,0.1107,0.1153,0.1192,0.1113,0.1129,0.3955,0.405,0.3937,0.3694,0.3807,0.4085,0.1225,0.109,0.1111,0.1091,0.1094,0.1163,0.3746,0.3885,0.3944,0.3704,0.3884,0.4056,0.1331,0.1096,0.1201,0.1155,0.1201,0.1199,0.3821,0.3845,0.3924,0.3613,0.3801,0.4129,0.1234,0.1142,0.1136,0.1115,0.1176,0.1076,0.3983,0.3834,0.3901,0.3818,0.3823,0.4264,0.1206,0.1125,0.1147,0.1191,0.1108,0.1183,0.4002,0.4062,0.3838,0.382,0.3857,0.4216,0.1203,0.1138,0.121,0.1159,0.1171,0.1193,0.1165,0.1167,0.1217,0.1142,0.1127,0.1123,0.1206,0.1181,0.1165,0.1201,0.109
14:45:00,37,0.1136,0.1143,0.1185,0.1106,0.1114,0.1106,0.1157,0.1182,0.1115,0.1162,0.1162,0.1101,0.1074,0.3875,0.4084,0.4208,0.3819,0.3837,0.4285,0.1336,0.1107,0.1154,0.1193,0.1114,0.1129,0.3953,0.4052,0.3917,0.367,0.3793,0.4092,0.1226,0.1089,0.1111,0.1091,0.1093,0.1164,0.3745,0.3885,0.3927,0.3713,0.3874,0.406,0.1331,0.1096,0.1201,0.1158,0.12,0.1198,0.3818,0.3835,0.39,0.3594,0.3809,0.4107,0.1234,0.1142,0.1137,0.1115,0.1176,0.1076,0.399,0.383,0.3887,0.3815,0.3821,0.4201,0.1207,0.1124,0.1147,0.119,0.1109,0.1182,0.4,0.4065,0.3817,0.3768,0.3846,0.4092,0.1204,0.1138,0.121,0.116,0.1172,0.1194,0.1167,0.1167,0.1217,0.1141,0.1127,0.1124,0.1206,0.1181,0.1165,0.1202,0.1091
15:00:00,37,0.1135,0.1143,0.1184,0.1107,0.1114,0.1106,0.1156,0.1183,0.1115,0.1163,0.1162,0.11,0.1074,0.3875,0.4083,0.4202,0.381,0.3848,0.4183,0.1337,0.1106,0.1155,0.1192,0.1113,0.1129,0.3954,0.4047,0.3898,0.37,0.3792,0.4092,0.1226,0.1089,0.1112,0.109,0.1093,0.1163,0.3744,0.3885,0.3916,0.3718,0.3866,0.404,0.133,0.1096,0.1203,0.1157,0.12,0.1198,0.3816,0.3831,0.388,0.3612,0.3791,0.4128,0.1236,0.1143,0.1137,0.1116,0.1178,0.1076,0.399,0.3827,0.3881,0.3818,0.381,0.4233,0.1206,0.1125,0.1147,0.1191,0.1108,0.1184,0.4002,0.4059,0.3796,0.3811,0.3847,0.4167,0.1203,0.1138,0.1211,0.116,0.1171,0.1195,0.1165,0.1166,0.1216,0.1139,0.1126,0.1124,0.1207,0.118,0.1165,0.1203,0.1091
15:15:00,37,0.1136,0.1142,0.1184,0.1106,0.1114,0.1106,0.1156,0.1182,0.1113,0.1162,0.1162,0.11,0.1073,0.3874,0.4079,0.4192,0.3821,0.382,0.4201,0.1335,0.1107,0.1154,0.1192,0.1113,0.1129,0.3954,0.405,0.3892,0.371,0.3826,0.4045,0.1227,0.1089,0.1112,0.1091,0.1093,0.1163,0.3744,0.3882,0.3893,0.3732,0.3866,0.4074,0.1331,0.1096,0.1201,0.1158,0.1201,0.1199,0.3814,0.3827,0.3866,0.3619,0.3784,0.4106,0.1235,0.1143,0.1136,0.1116,0.1176,0.1076,0.3995,0.3823,0.3868,0.3794,0.38,0.4179,0.1205,0.1124,0.1146,0.119,0.1109,0.1182,0.4003,0.4055,0.3776,0.374,0.3828,0.4151,0.1202,0.1138,0.121,0.116,0.1171,0.1194,0.1166,0.1166,0.1216,0.1141,0.1126,0.1123,0.1206,0.118,0.1165,0.1203,0.109
15:30:00,37,0.1137,0.1143,0.1186,0.1105,0.1114,0.1105,0.1156,0.1182,0.1114,0.1163,0.1162,0.11,0.1076,0.3872,0.4082,0.4172,0.3798,0.3846,0.4205,0.1332,0.1107,0.1153,0.1192,0.1113,0.1128,0.3951,0.4049,0.3875,0.3664,0.3802,0.4059,0.1231,0.109,0.1111,0.109,0.1094,0.1162,0.3738,0.3878,0.3875,0.3727,0.3826,0.4014,0.133,0.1096,0.1199,0.1154,0.12,0.1199,0.381,0.382,0.3846,0.3581,0.3793,0.4132,0.1234,0.1142,0.1137,0.1116,0.1176,0.1076,0.3995,0.3819,0.385,0.3755,0.3795,0.4172,0.1206,0.1125,0.1146,0.1191,0.1108,0.1182,0.4002,0.4055,0.3756,0.379,0.3827,0.4075,0.1202,0.1137,0.1209,0.1158,0.1171,0.1193,0.1165,0.1167,0.1218,0.1142,0.1127,0.1124,0.1206,0.1181,0.1165,0.1202,0.1091
15:45:00,37,0.1135,0.1142,0.1184,0.1106,0.1114,0.1105,0.1157,0.1182,0.1114,0.1163,0.1162,0.11,0.1075,0.3878,0.4083,0.416,0.3809,0.3871,0.4184,0.1335,0.1107,0.1154,0.1191,0.1113,0.1128,0.3955,0.4051,0.3857,0.3642,0.3799,0.4028,0.1232,0.1089,0.1111,0.1091,0.1093,0.1163,0.3733,0.388,0.3862,0.369,0.3841,0.4016,0.133,0.1096,0.1201,0.1158,0.12,0.1199,0.3811,0.3815,0.3825,0.3577,0.3792,0.4053,0.1236,0.1143,0.1137,0.1115,0.1176,0.1076,0.4001,0.3822,0.3834,0.3812,0.3803,0.4186,0.1207,0.1124,0.1146,0.119,0.1108,0.1182,0.4001,0.4056,0.3736,0.3723,0.3812,0.4084,0.1203,0.1138,0.121,0.116,0.1171,0.1193,0.1165,0.1166,0.1218,0.114,0.1126,0.1124,0.1206,0.1181,0.1165,0.1202,0.109
16:00:00,37,0.1135,0.1143,0.1183,0.1107,0.1114,0.1106,0.1156,0.1182,0.1113,0.1163,0.1162,0.11,0.1073,0.3874,0.4079,0.4152,0.382,0.3844,0.4186,0.1335,0.1106,0.1154,0.1192,0.1112,0.1129,0.3952,0.4045,0.3845,0.366,0.3815,0.4033,0.1233,0.1089,0.1112,0.1091,0.1093,0.1163,0.373,0.3874,0.3855,0.3729,0.3867,0.3981,0.133,0.1095,0.1202,0.1157,0.12,0.1198,0.3808,0.3805,0.3813,0.3676,0.3771,0.4088,0.1235,0.1142,0.1136,0.1116,0.1177,0.1076,0.3996,0.3813,0.3832,0.3757,0.3808,0.4166,0.1207,0.1125,0.1147,0.119,0.1106,0.1183,0.4002,0.4048,0.3725,0.3712,0.3853,0.415,0.1203,0.1137,0.121,0.116,0.117,0.1194,0.1165,0.1165,0.1216,0.1139,0.1127,0.1123,0.1206,0.118,0.1164,0.1202,0.109
16:15:00,37,0.1136,0.1143,0.1184,0.1106,0.1114,0.1106,0.1157,0.1182,0.1114,0.1163,0.1162,0.11,0.1075,0.3877,0.4083,0.4136,0.3784,0.3845,0.4142,0.1334,0.1106,0.1153,0.1192,0.1113,0.1129,0.3954,0.4056,0.3834,0.3639,0.3815,0.4042,0.1234,0.109,0.1111,0.1091,0.1094,0.1163,0.3727,0.388,0.3838,0.3712,0.3877,0.3962,0.1331,0.1096,0.1199,0.1158,0.12,0.1198,0.3806,0.3804,0.3798,0.3574,0.38,0.4109,0.1236,0.1143,0.1137,0.1115,0.1176,0.1076,0.3996,0.3815,0.3816,0.3815,0.3818,0.4168,0.1208,0.1124,0.1146,0.119,0.1108,0.1182,0.3998,0.4049,0.3711,0.3744,0.3861,0.4136,0.1202,0.1138,0.1209,0.116,0.1171,0.1194,0.1165,0.1166,0.1217,0.114,0.1126,0.1123,0.1206,0.1181,0.1166,0.1203,0.109
16:30:00,37,0.1136,0.1143,0.1184,0.1107,0.1114,0.1106,0.1156,0.1183,0.1114,0.1162,0.1162,0.11,0.1074,0.3875,0.4081,0.4128,0.3761,0.3894,0.4149,0.1336,0.1106,0.1154,0.1192,0.1112,0.1129,0.3959,0.4042,0.3818,0.3646,0.3798,0.3982,0.1235,0.1089,0.1112,0.109,0.1093,0.1163,0.3724,0.3873,0.3829,0.3736,0.3887,0.3927,0.1332,0.1096,0.1202,0.1157,0.12,0.1199,0.3805,0.3797,0.3785,0.3618,0.3767,0.41,0.1237,0.1142,0.1137,0.1116,0.1177,0.1079,0.3996,0.3812,0.3806,0.3809,0.384,0.4152,0.1209,0.1125,0.1147,0.1191,0.1107,0.1183,0.3996,0.4045,0.3699,0.3747,0.3881,0.409,0.1203,0.1137,0.1212,0.1159,0.1169,0.1194,0.1164,0.1165,0.1216,0.1139,0.1126,0.1124,0.1206,0.1181,0.1164,0.1203,0.1089
16:45:00,37,0.1135,0.1143,0.1183,0.1105,0.1114,0.1105,0.1156,0.1182,0.1114,0.1162,0.1162,0.1101,0.1074,0.3875,0.408,0.4115,0.3754,0.3858,0.4121,0.1336,0.1106,0.1153,0.1191,0.1113,0.1128,0.3958,0.4038,0.3816,0.365,0.3849,0.396,0.1235,0.1089,0.1111,0.109,0.1093,0.1163,0.372,0.3872,0.3816,0.3667,0.3895,0.3941,0.133,0.1095,0.12,0.1157,0.1199,0.1198,0.38,0.3797,0.3775,0.3606,0.3792,0.4052,0.1236,0.1143,0.1137,0.1115,0.1176,0.1078,0.399,0.3813,0.3798,0.3724,0.3818,0.4118,0.1208,0.1124,0.1146,0.1189,0.1108,0.1182,0.3989,0.4037,0.3692,0.3792,0.3889,0.4085,0.1203,0.1137,0.1211,0.116,0.1171,0.1194,0.1165,0.1165,0.1217,0.114,0.1126,0.1124,0.1206,0.1181,0.1165,0.1202,0.109
17:00:00,37,0.1136,0.1142,0.1184,0.1104,0.1113,0.1104,0.1157,0.1183,0.1114,0.1163,0.1161,0.11,0.1076,0.3873,0.4076,0.4107,0.3765,0.3866,0.4106,0.1332,0.1107,0.1153,0.1192,0.1113,0.1128,0.3954,0.4036,0.3802,0.3641,0.3844,0.3937,0.1234,0.1088,0.1111,0.109,0.1093,0.1162,0.3711,0.3868,0.3808,0.3725,0.3858,0.3926,0.1329,0.1095,0.1199,0.1154,0.1199,0.1198,0.3795,0.3794,0.3768,0.3642,0.3845,0.4035,0.1236,0.1142,0.1136,0.1115,0.1175,0.1077,0.3987,0.3811,0.3787,0.3808,0.378,0.4099,0.1208,0.1124,0.1145,0.1191,0.1107,0.1181,0.3982,0.403,0.368,0.3716,0.3834,0.4017,0.1202,0.1137,0.1211,0.1158,0.117,0.1192,0.1164,0.1166,0.1217,0.114,0.1126,0.1123,0.1205,0.1181,0.1165,0.1202,0.109
17:15:00,37,0.1136,0.1143,0.1184,0.1105,0.1114,0.1105,0.1157,0.1182,0.1113,0.1162,0.1161,0.11,0.1075,0.3876,0.4066,0.41,0.3805,0.3893,0.4086,0.1335,0.1106,0.1153,0.1192,0.1113,0.1128,0.3956,0.4032,0.379,0.3707,0.3846,0.394,0.1235,0.1088,0.1111,0.1089,0.1093,0.1163,0.3715,0.3868,0.3801,0.3685,0.3845,0.39,0.133,0.1096,0.1199,0.1157,0.1199,0.12,0.3796,0.3794,0.3756,0.3641,0.3791,0.4068,0.1237,0.1142,0.1136,0.1115,0.1176,0.1078,0.3985,0.3812,0.379,0.3769,0.3817,0.4121,0.1209,0.1124,0.1146,0.1189,0.1107,0.1182,0.3978,0.4024,0.3667,0.3776,0.3888,0.4049,0.1203,0.1138,0.1211,0.116,0.117,0.1193,0.1164,0.1165,0.1217,0.1139,0.1125,0.1123,0.1206,0.118,0.1165,0.1202,0.1091
17:30:00,37,0.1135,0.1142,0.1183,0.1106,0.1114,0.1105,0.1157,0.1183,0.1113,0.1162,0.1161,0.11,0.1074,0.3871,0.4053,0.4094,0.3765,0.3775,0.4086,0.1336,0.1107,0.1154,0.1192,0.1112,0.1129,0.3951,0.4029,0.3776,0.3662,0.3775,0.3922,0.1236,0.1088,0.1112,0.109,0.1093,0.1162,0.3712,0.3864,0.3797,0.3721,0.3841,0.3913,0.1329,0.11,0.12,0.1156,0.1199,0.1201,0.3784,0.3791,0.3744,0.3575,0.3828,0.4068,0.1237,0.1142,0.1136,0.1115,0.1176,0.1079,0.3974,0.381,0.3778,0.3733,0.3795,0.4087,0.1209,0.1126,0.1147,0.1191,0.1106,0.1183,0.3969,0.4024,0.3659,0.3757,0.3873,0.4075,0.1203,0.1137,0.1213,0.1159,0.117,0.1193,0.1164,0.1166,0.1217,0.1139,0.1126,0.1124,0.1206,0.118,0.1165,0.1202,0.109
17:45:00,37,0.1135,0.1141,0.1183,0.1105,0.1113,0.1105,0.1157,0.1182,0.1113,0.1162,0.1161,0.11,0.1075,0.3876,0.4024,0.4077,0.3718,0.3831,0.4089,0.1335,0.1108,0.1154,0.1192,0.1112,0.1127,0.395,0.4026,0.3774,0.3631,0.3738,0.3918,0.1236,0.1088,0.1112,0.109,0.1093,0.1162,0.3713,0.386,0.3793,0.3721,0.386,0.3887,0.1331,0.1101,0.1199,0.1156,0.1199,0.1201,0.3781,0.3788,0.3743,0.3561,0.3753,0.3994,0.1236,0.1142,0.1136,0.1116,0.1176,0.1079,0.3979,0.381,0.3769,0.3802,0.3756,0.4094,0.121,0.1126,0.1146,0.1191,0.1108,0.1182,0.3969,0.4027,0.3653,0.3736,0.3837,0.4056,0.1204,0.1137,0.1212,0.1159,0.1171,0.1193,0.1165,0.1166,0.1217,0.114,0.1125,0.1124,0.1206,0.1181,0.1168,0.1204,0.1089
18:00:00,37,0.1136,0.1141,0.1184,0.1105,0.1113,0.1104,0.1156,0.1182,0.1113,0.1162,0.1161,0.11,0.1077,0.3869,0.4043,0.4072,0.3804,0.3852,0.407,0.1332,0.1108,0.1153,0.1192,0.1112,0.1128,0.3939,0.402,0.3781,0.3616,0.3743,0.3905,0.1236,0.1088,0.1112,0.109,0.1093,0.1162,0.3699,0.3853,0.3786,0.3718,0.389,0.3893,0.133,0.11,0.1198,0.1153,0.1199,0.1202,0.3769,0.3783,0.3735,0.3568,0.3783,0.3978,0.1236,0.1142,0.1137,0.1115,0.1176,0.1079,0.3965,0.3817,0.377,0.3809,0.3774,0.406,0.1209,0.1126,0.1145,0.1191,0.1108,0.1183,0.3957,0.4022,0.3649,0.371,0.3859,0.4005,0.1203,0.1137,0.1213,0.1158,0.1171,0.1192,0.1164,0.1165,0.1218,0.114,0.1126,0.1123,0.1205,0.1181,0.1168,0.1202,0.109
18:15:00,37,0.1135,0.1141,0.1183,0.1105,0.1113,0.1105,0.1156,0.1182,0.1113,0.1162,0.1161,0.11,0.1075,0.387,0.4039,0.4071,0.3781,0.3834,0.4088,0.1333,0.1107,0.1153,0.1192,0.1113,0.1127,0.3934,0.4014,0.3778,0.3658,0.3811,0.3907,0.1235,0.1088,0.1112,0.109,0.1093,0.1162,0.3695,0.3851,0.3788,0.3644,0.3892,0.3897,0.133,0.11,0.1199,0.1156,0.1199,0.1202,0.3757,0.3776,0.3738,0.3598,0.3785,0.4002,0.1236,0.1143,0.1135,0.1115,0.1176,0.1079,0.3963,0.3804,0.3766,0.3814,0.3847,0.4057,0.1208,0.1126,0.1146,0.1189,0.1108,0.1182,0.3959,0.4012,0.3642,0.3698,0.3855,0.3989,0.1203,0.1137,0.1212,0.1159,0.117,0.1192,0.1163,0.1165,0.1217,0.1139,0.1124,0.1123,0.1205,0.1181,0.1167,0.1202,0.1089
18:30:00,37,0.1137,0.1141,0.1184,0.1104,0.1113,0.1106,0.1157,0.1182,0.1113,0.1162,0.1161,0.11,0.1076,0.3868,0.403,0.4065,0.3757,0.3776,0.4068,0.1331,0.1107,0.1153,0.1192,0.1113,0.1128,0.3926,0.4001,0.3783,0.3646,0.3744,0.3909,0.1235,0.1089,0.1112,0.109,0.1094,0.1162,0.3686,0.3852,0.379,0.3689,0.3857,0.3881,0.133,0.11,0.1198,0.1153,0.1199,0.1203,0.3746,0.3772,0.3736,0.357,0.3806,0.4005,0.1236,0.1142,0.1138,0.1115,0.1176,0.1079,0.3959,0.3795,0.3762,0.3728,0.3857,0.4055,0.1208,0.1126,0.1146,0.1191,0.1107,0.1181,0.3954,0.4004,0.3645,0.3703,0.3819,0.4004,0.1201,0.1136,0.1211,0.1157,0.117,0.1193,0.1163,0.1164,0.1217,0.114,0.1126,0.1123,0.1205,0.118,0.1167,0.1201,0.109
18:45:00,37,0.1135,0.1141,0.1181,0.1104,0.1113,0.1108,0.1157,0.1183,0.1113,0.1162,0.1161,0.11,0.1075,0.3866,0.4027,0.4062,0.3779,0.3843,0.4055,0.1333,0.1107,0.1154,0.1191,0.1112,0.1128,0.3919,0.3992,0.3788,0.364,0.379,0.3902,0.1236,0.1088,0.1111,0.109,0.1093,0.1162,0.3685,0.3852,0.3791,0.3678,0.3835,0.3875,0.1331,0.11,0.12,0.1157,0.1199,0.1203,0.3745,0.3767,0.3735,0.3579,0.3785,0.3975,0.1236,0.1142,0.1138,0.1115,0.1175,0.1079,0.3953,0.3795,0.3765,0.3723,0.3808,0.4043,0.1208,0.1126,0.1147,0.119,0.1107,0.1182,0.3953,0.4003,0.3653,0.3716,0.3846,0.3995,0.1202,0.1136,0.1212,0.1159,0.117,0.1192,0.1164,0.1164,0.1216,0.1139,0.1125,0.1123,0.1205,0.118,0.1167,0.1203,0.1089
19:00:00,37,0.1135,0.1141,0.1184,0.1105,0.1113,0.1108,0.1157,0.1182,0.1113,0.1162,0.1161,0.11,0.1076,0.3865,0.4022,0.4055,0.3786,0.3844,0.4073,0.133,0.1107,0.1154,0.1192,0.1112,0.1128,0.3914,0.3987,0.3782,0.3636,0.3787,0.3929,0.1236,0.1089,0.1111,0.109,0.1093,0.1162,0.368,0.3841,0.379,0.3675,0.3867,0.3879,0.1333,0.11,0.1199,0.1153,0.1198,0.1203,0.3739,0.3765,0.3736,0.3578,0.3823,0.3982,0.1236,0.1142,0.1138,0.1115,0.1176,0.1079,0.3951,0.3802,0.376,0.3774,0.3782,0.4038,0.1208,0.1127,0.1147,0.1191,0.1108,0.1182,0.3949,0.4003,0.3647,0.3729,0.3797,0.3972,0.1202,0.1137,0.1212,0.1158,0.117,0.1192,0.1163,0.1165,0.1217,0.1139,0.1126,0.1122,0.1205,0.1181,0.1167,0.1202,0.1089
19:15:00,37,0.1136,0.1141,0.1183,0.1105,0.1113,0.1109,0.1157,0.1183,0.1114,0.1163,0.1162,0.1101,0.1075,0.3872,0.402,0.4045,0.3766,0.3855,0.4059,0.1331,0.1107,0.1154,0.1191,0.1113,0.1128,0.3905,0.3978,0.3772,0.3797,0.3751,0.3902,0.1237,0.1088,0.1111,0.109,0.1093,0.1162,0.3682,0.3835,0.3789,0.3644,0.3864,0.3867,0.1333,0.11,0.1199,0.1157,0.1199,0.1204,0.3739,0.3769,0.373,0.3593,0.378,0.3968,0.1236,0.1142,0.1138,0.1114,0.1175,0.1079,0.3952,0.3813,0.376,0.3712,0.3769,0.4012,0.1208,0.1126,0.1147,0.1189,0.1108,0.1182,0.3951,0.4003,0.364,0.3726,0.3833,0.4001,0.1201,0.1137,0.1212,0.1158,0.117,0.1192,0.1163,0.1164,0.1217,0.1138,0.1125,0.1123,0.1206,0.118,0.1167,0.1204,0.109
19:30:00,37,0.1135,0.114,0.1183,0.1103,0.1112,0.1107,0.1156,0.1181,0.1112,0.1162,0.116,0.1099,0.1076,0.3865,0.4025,0.4033,0.3758,0.3799,0.4064,0.1328,0.1108,0.1154,0.1191,0.1112,0.1127,0.3905,0.398,0.3778,0.3635,0.3776,0.3921,0.1238,0.1089,0.1112,0.109,0.1093,0.1162,0.3682,0.3835,0.3781,0.3669,0.3784,0.3893,0.1333,0.1101,0.1198,0.1153,0.1199,0.1204,0.3741,0.3771,0.3727,0.3581,0.3805,0.3986,0.1235,0.1142,0.1138,0.1115,0.1175,0.1079,0.3952,0.3813,0.3752,0.3757,0.3762,0.4064,0.1208,0.1126,0.1146,0.119,0.1106,0.1182,0.3949,0.4004,0.364,0.3699,0.3818,0.3977,0.1201,0.1137,0.1212,0.1157,0.1169,0.1192,0.1163,0.1164,0.1217,0.1138,0.1126,0.1122,0.1205,0.1181,0.1167,0.1201,0.1089
19:45:00,37,0.1136,0.114,0.1182,0.1104,0.1113,0.1108,0.1156,0.1182,0.1112,0.1161,0.1161,0.1099,0.1075,0.3862,0.4016,0.4033,0.3748,0.3799,0.4064,0.1329,0.1108,0.1154,0.1192,0.1112,0.1127,0.3899,0.3972,0.3769,0.3599,0.3755,0.3917,0.1237,0.1088,0.1111,0.1089,0.1093,0.1162,0.3678,0.3834,0.3784,0.3657,0.3859,0.3871,0.1333,0.11,0.1198,0.1156,0.1198,0.1204,0.374,0.377,0.3733,0.3567,0.3782,0.3969,0.1236,0.1142,0.1138,0.1115,0.1176,0.1079,0.3948,0.3815,0.3767,0.3726,0.3767,0.4014,0.1209,0.1126,0.1147,0.1189,0.1107,0.1182,0.3946,0.4,0.3642,0.3713,0.3809,0.3967,0.12,0.1137,0.1213,0.1159,0.117,0.1192,0.1163,0.1164,0.1217,0.1137,0.1125,0.1123,0.1205,0.1181,0.1167,0.1203,0.109
20:00:00,37,0.1136,0.114,0.1183,0.1103,0.1111,0.1107,0.1156,0.1181,0.1112,0.1162,0.116,0.1099,0.1076,0.3858,0.4018,0.4007,0.3755,0.3797,0.4043,0.1326,0.1108,0.1155,0.1191,0.1112,0.1127,0.3901,0.3975,0.377,0.3606,0.3731,0.3909,0.1236,0.1088,0.1111,0.109,0.1093,0.1163,0.3677,0.3836,0.377,0.3652,0.3789,0.3878,0.1333,0.11,0.1199,0.1154,0.1198,0.1203,0.3738,0.3776,0.3735,0.3564,0.3736,0.3947,0.1235,0.1142,0.1137,0.1115,0.1175,0.1079,0.3943,0.3832,0.3753,0.3725,0.3753,0.4051,0.1208,0.1127,0.1146,0.1191,0.1107,0.1182,0.394,0.4005,0.3631,0.3695,0.3799,0.3978,0.12,0.1137,0.1213,0.1158,0.117,0.1192,0.1162,0.1164,0.1217,0.1138,0.1125,0.1123,0.1204,0.118,0.1166,0.1202,0.1089
20:15:00,37,0.1136,0.1141,0.1182,0.1104,0.1113,0.1108,0.1157,0.1182,0.1112,0.1162,0.1161,0.1099,0.1076,0.3857,0.4014,0.3985,0.3754,0.3813,0.405,0.1328,0.1108,0.1155,0.1191,0.1113,0.1128,0.3894,0.3975,0.3746,0.363,0.3737,0.3881,0.1237,0.1088,0.1111,0.109,0.1092,0.1162,0.3677,0.3834,0.3754,0.3654,0.3784,0.3839,0.1333,0.1101,0.1198,0.1156,0.1198,0.1204,0.3742,0.3781,0.3719,0.3558,0.3791,0.3965,0.1236,0.1142,0.1138,0.1115,0.1175,0.1079,0.3946,0.3789,0.3754,0.3729,0.3784,0.4021,0.1209,0.1126,0.1146,0.1189,0.1107,0.1182,0.3942,0.4006,0.3623,0.3685,0.3804,0.3932,0.12,0.1136,0.1213,0.1159,0.1169,0.1192,0.1163,0.1164,0.1216,0.1136,0.1124,0.1122,0.1204,0.118,0.1167,0.1203,0.109
20:30:00,37,0.1135,0.114,0.1183,0.1102,0.1111,0.1107,0.1156,0.1181,0.1112,0.1162,0.116,0.1099,0.1075,0.3849,0.4008,0.3971,0.3733,0.3803,0.405,0.1325,0.1107,0.1153,0.1191,0.1112,0.1127,0.389,0.3979,0.3739,0.3587,0.3773,0.3876,0.1236,0.1088,0.1111,0.1089,0.1093,0.1161,0.3675,0.3832,0.3743,0.3617,0.3814,0.3845,0.1334,0.11,0.1199,0.1154,0.1198,0.1203,0.3739,0.3781,0.371,0.3553,0.3783,0.3984,0.1235,0.1142,0.1138,0.1115,0.1176,0.1079,0.3945,0.3855,0.3751,0.3707,0.3761,0.4016,0.1209,0.1127,0.1146,0.1191,0.1107,0.1182,0.3942,0.4009,0.3617,0.3727,0.3821,0.3957,0.1199,0.1136,0.1213,0.1158,0.117,0.1192,0.1163,0.1164,0.1216,0.1138,0.1124,0.1122,0.1205,0.118,0.1166,0.1202,0.1089
20:45:00,37,0.1134,0.114,0.1183,0.1105,0.1112,0.1108,0.1157,0.1181,0.1113,0.1161,0.1161,0.1099,0.1075,0.3856,0.3999,0.3951,0.3737,0.3788,0.4037,0.1325,0.1108,0.1153,0.1191,0.1112,0.1127,0.3892,0.3975,0.3687,0.3613,0.3778,0.3915,0.1236,0.1088,0.1111,0.1089,0.1092,0.1162,0.3676,0.383,0.3689,0.3639,0.384,0.3869,0.1334,0.1101,0.1198,0.1156,0.1199,0.1204,0.3744,0.3782,0.3697,0.355,0.3758,0.3963,0.1236,0.1142,0.1138,0.1115,0.1175,0.1079,0.3942,0.3855,0.3738,0.3697,0.3758,0.4004,0.1208,0.1127,0.1146,0.1189,0.1107,0.1183,0.3936,0.4012,0.3605,0.369,0.3838,0.3951,0.1199,0.1137,0.1213,0.1159,0.117,0.1192,0.1163,0.1164,0.1217,0.1137,0.1124,0.1123,0.1205,0.1181,0.1167,0.1203,0.109
21:00:00,37,0.1136,0.114,0.1183,0.1103,0.1112,0.1108,0.1156,0.1182,0.1113,0.1162,0.116,0.1099,0.1075,0.3856,0.4015,0.3919,0.3722,0.379,0.4055,0.1323,0.1108,0.1153,0.1191,0.1112,0.1127,0.3894,0.3981,0.3673,0.3587,0.3769,0.3877,0.1235,0.1088,0.1111,0.1089,0.1093,0.1161,0.3678,0.3836,0.3655,0.3646,0.3838,0.3848,0.1333,0.11,0.1198,0.1152,0.1197,0.1203,0.3742,0.3784,0.3666,0.3549,0.3798,0.3983,0.1234,0.1142,0.1137,0.1114,0.1175,0.1078,0.3948,0.3785,0.3705,0.3729,0.3769,0.4001,0.1208,0.1126,0.1146,0.1191,0.1107,0.1181,0.3937,0.4011,0.3584,0.371,0.3807,0.3954,0.1197,0.1136,0.1212,0.1157,0.1169,0.1191,0.1163,0.1165,0.1216,0.1138,0.1125,0.1123,0.1204,0.118,0.1167,0.1202,0.1089
21:15:00,37,0.1134,0.114,0.1182,0.1104,0.1112,0.1109,0.1157,0.1181,0.1111,0.1161,0.1161,0.1099,0.1075,0.3862,0.4036,0.3871,0.3708,0.3808,0.4015,0.1325,0.1107,0.1154,0.1191,0.1113,0.1127,0.3891,0.3978,0.3624,0.3602,0.3744,0.388,0.1235,0.1088,0.1111,0.109,0.1093,0.1162,0.368,0.3835,0.3594,0.3631,0.3819,0.3856,0.1333,0.1101,0.1198,0.1157,0.1198,0.1204,0.3741,0.3782,0.3631,0.3545,0.4022,0.3936,0.1235,0.1142,0.1137,0.1114,0.1174,0.1078,0.395,0.3785,0.3677,0.371,0.378,0.4007,0.1208,0.1126,0.1145,0.1189,0.1107,0.1182,0.3934,0.4011,0.357,0.3674,0.3819,0.3918,0.1198,0.1137,0.1212,0.1159,0.117,0.1192,0.1162,0.1165,0.1217,0.1136,0.1123,0.1122,0.1206,0.1181,0.1168,0.1203,0.1089
21:30:00,37,0.1135,0.114,0.1183,0.1104,0.1112,0.1109,0.1157,0.1182,0.1112,0.1163,0.116,0.1099,0.1076,0.3881,0.4034,0.3814,0.3718,0.3794,0.404,0.1322,0.1108,0.1155,0.1191,0.1112,0.1127,0.3892,0.3979,0.358,0.3599,0.3757,0.388,0.1235,0.1088,0.1111,0.1089,0.1094,0.1161,0.3678,0.3841,0.3533,0.3643,0.3809,0.3848,0.1333,0.1101,0.1199,0.1153,0.1198,0.1204,0.3741,0.3785,0.3598,0.3552,0.3751,0.3923,0.1233,0.1141,0.1137,0.1114,0.1174,0.1079,0.395,0.3798,0.3634,0.3705,0.3762,0.3995,0.1208,0.1127,0.1146,0.119,0.1107,0.1182,0.3935,0.4013,0.3529,0.3685,0.3814,0.392,0.1197,0.1136,0.1213,0.1158,0.117,0.1192,0.1162,0.1164,0.1217,0.1136,0.1125,0.1122,0.1204,0.118,0.1166,0.1202,0.1089
21:45:00,37,0.1135,0.114,0.1181,0.1104,0.1112,0.1109,0.1157,0.1182,0.1112,0.1162,0.1161,0.1099,0.1075,0.3896,0.4044,0.374,0.3725,0.3783,0.4006,0.1325,0.1107,0.1155,0.1191,0.1113,0.1127,0.3907,0.398,0.3513,0.3578,0.3758,0.385,0.1235,0.1087,0.1111,0.1089,0.1093,0.1161,0.3677,0.3847,0.3471,0.3638,0.3821,0.3841,0.1335,0.1101,0.1199,0.1156,0.1199,0.1203,0.3743,0.3785,0.3546,0.355,0.3769,0.3924,0.1234,0.1141,0.1137,0.1114,0.1174,0.1079,0.3955,0.3792,0.3596,0.3712,0.3754,0.3966,0.1209,0.1126,0.1145,0.1189,0.1106,0.1183,0.3932,0.4013,0.3484,0.3686,0.3802,0.3906,0.1197,0.1137,0.1214,0.1159,0.117,0.1192,0.1162,0.1163,0.1216,0.1137,0.1124,0.1124,0.1205,0.118,0.1166,0.1204,0.1089
22:00:00,37,0.1134,0.1141,0.118,0.1106,0.1113,0.1108,0.1156,0.1181,0.1112,0.1161,0.116,0.1098,0.1075,0.3878,0.4039,0.3642,0.3706,0.3793,0.3997,0.1325,0.1107,0.1155,0.1191,0.1112,0.1127,0.3908,0.3982,0.3483,0.3601,0.375,0.3842,0.1235,0.1088,0.1111,0.1089,0.1094,0.1162,0.3682,0.3846,0.3396,0.3635,0.382,0.3808,0.1335,0.11,0.12,0.1155,0.1198,0.1204,0.3745,0.3785,0.3499,0.356,0.3763,0.3932,0.1234,0.1142,0.1138,0.1114,0.1175,0.1079,0.396,0.3851,0.3556,0.3709,0.3785,0.3967,0.1208,0.1128,0.1146,0.119,0.1106,0.1183,0.3924,0.4009,0.3444,0.3684,0.3791,0.39,0.1198,0.1136,0.1213,0.1158,0.1169,0.1192,0.1162,0.1164,0.1216,0.1135,0.1124,0.1122,0.1205,0.1179,0.1166,0.1203,0.1089
22:15:00,37,0.1134,0.114,0.1181,0.1105,0.1113,0.1108,0.1156,0.1181,0.1112,0.1161,0.1162,0.1099,0.1076,0.3863,0.4046,0.3539,0.3712,0.3777,0.401,0.1321,0.1108,0.1155,0.1191,0.1113,0.1128,0.3905,0.398,0.3403,0.3596,0.3727,0.3832,0.1234,0.1088,0.1112,0.1089,0.1094,0.1162,0.3683,0.385,0.3302,0.3626,0.38,0.3791,0.1336,0.11,0.1198,0.1156,0.1198,0.1204,0.3742,0.378,0.3441,0.3552,0.3773,0.3906,0.1233,0.1141,0.1137,0.1114,0.1174,0.1079,0.3963,0.3799,0.3472,0.3705,0.3763,0.3957,0.1207,0.1126,0.1145,0.1189,0.1107,0.1182,0.3926,0.4004,0.3362,0.4281,0.3821,0.3892,0.1197,0.1136,0.1213,0.1158,0.1169,0.1192,0.1162,0.1164,0.1217,0.1136,0.1124,0.1122,0.1205,0.1181,0.1167,0.1204,0.1089
22:30:00,37,0.1134,0.1141,0.118,0.1106,0.1113,0.1109,0.1156,0.1182,0.1113,0.1162,0.1161,0.1098,0.1074,0.3854,0.405,0.3424,0.3718,0.3789,0.3982,0.1324,0.1107,0.1156,0.1191,0.1112,0.1127,0.3898,0.3979,0.3302,0.3599,0.3752,0.3841,0.1235,0.1088,0.1112,0.109,0.1093,0.1161,0.3685,0.3852,0.3206,0.363,0.3821,0.3783,0.1335,0.1101,0.1201,0.1156,0.1199,0.1204,0.3745,0.3781,0.3385,0.3546,0.3735,0.3914,0.1233,0.1141,0.1137,0.1114,0.1175,0.1078,0.3961,0.3794,0.3405,0.3699,0.3763,0.3991,0.1208,0.1127,0.1146,0.1189,0.1105,0.1183,0.3928,0.4003,0.3284,0.3683,0.3808,0.387,0.1197,0.1137,0.1215,0.1158,0.1168,0.1192,0.1162,0.1163,0.1216,0.1135,0.1124,0.1122,0.1205,0.118,0.1167,0.1203,0.1089
22:45:00,37,0.1135,0.114,0.1182,0.1105,0.1113,0.1108,0.1157,0.1182,0.1113,0.1163,0.1162,0.1099,0.1074,0.3847,0.4056,0.3282,0.3717,0.3775,0.3966,0.1321,0.1108,0.1155,0.1191,0.1112,0.1127,0.3899,0.3985,0.3202,0.3593,0.3731,0.3812,0.1233,0.1088,0.1111,0.1089,0.1093,0.1161,0.3705,0.3857,0.3114,0.3634,0.3792,0.3771,0.1334,0.11,0.1199,0.1155,0.1198,0.1204,0.3767,0.3764,0.3294,0.3555,0.3758,0.3903,0.1233,0.1141,0.1137,0.1114,0.1175,0.1079,0.3957,0.3855,0.3311,0.3702,0.3755,0.3936,0.1207,0.1126,0.1146,0.1189,0.1107,0.1183,0.3933,0.3995,0.3184,0.3687,0.3808,0.3862,0.1196,0.1136,0.1213,0.1158,0.117,0.1191,0.1162,0.1164,0.1217,0.1136,0.1124,0.1123,0.1205,0.118,0.1167,0.1203,0.1089
23:00:00,37,0.1134,0.1142,0.1181,0.1107,0.1113,0.1108,0.1158,0.1182,0.1113,0.1163,0.1162,0.1099,0.1074,0.3842,0.4041,0.3164,0.3712,0.3806,0.3977,0.1321,0.1107,0.1155,0.119,0.1111,0.1127,0.3902,0.3978,0.3097,0.3584,0.372,0.382,0.1233,0.1088,0.1112,0.1089,0.1093,0.1161,0.3709,0.3854,0.3045,0.3625,0.3802,0.3775,0.1335,0.1101,0.12,0.1156,0.1199,0.1204,0.3773,0.3767,0.3193,0.3544,0.3742,0.3872,0.1232,0.1141,0.1137,0.1115,0.1176,0.1079,0.3957,0.3871,0.3223,0.371,0.374,0.3916,0.1208,0.1127,0.1147,0.1189,0.1105,0.1182,0.394,0.3985,0.3115,0.3693,0.3803,0.3876,0.1196,0.1136,0.1214,0.1158,0.1169,0.1192,0.1162,0.1164,0.1217,0.1136,0.1124,0.1122,0.1205,0.118,0.1167,0.1204,0.1089
